apn_stripped,year,sold_date,certificate_number,tsi_tax_amount,tsi_tax_penalty,tsi_costs,tsi_fee,tsi_total_sold,extension_date,ssi_tax_amount,ssi_penalty,ssi_costs,ssi_back_tax_drainage,ssi_total,total_due,fips
0126253019,2021,11/1/2021,202100023,3013.88,106.96,104.00,89.73,3776.17,05/01/2024,0.00,0.00,0.00,0.00,0.00,3865.9,11723
0126300004,2022,10/31/2022,202200023,1102.32,57.87,104.00,90.50,1264.19,05/01/2025,0.00,0.00,0.00,0.00,0.00,1354.69,11723
0203400081,2022,10/31/2022,202200040,2184.98,114.71,104.00,90.50,2403.69,05/01/2025,0.00,0.00,0.00,0.00,0.00,2494.19,11723
0229451004,2021,11/1/2021,202100113,6301.84,436.98,104.00,89.73,8864.34,05/01/2024,6408.00,444.43,40.00,0.00,8949.69,18977.72,11723
0317431006,2022,10/31/2022,202200245,10633.98,558.28,104.00,90.50,11296.26,05/01/2025,0.00,0.00,0.00,0.00,0.00,11386.76,11723
0324205068,2022,10/31/2022,202200292,2891.36,151.80,104.00,90.50,3147.16,05/01/2025,0.00,0.00,0.00,0.00,0.00,3237.66,11723
0532200033,2022,10/31/2022,202200388,374.40,19.66,104.00,90.50,498.06,05/01/2025,0.00,0.00,0.00,0.00,0.00,588.56,11723
0612427020,2021,11/1/2021,202100471,3839.40,201.57,104.00,89.73,4144.97,05/01/2024,4133.96,217.03,40.00,0.00,4390.99,9152.61,11723
0615227001,2022,10/31/2022,202200567,3268.20,98.05,134.00,90.50,3500.25,05/01/2025,0.00,0.00,0.00,0.00,0.00,3590.75,11723
0622280001,2022,10/31/2022,202200617,5160.22,270.91,104.00,90.50,5535.13,05/01/2025,0.00,0.00,0.00,0.00,0.00,5625.63,11723
0624257019,2022,10/31/2022,202200645,2288.42,120.15,104.00,90.50,2512.57,05/01/2025,0.00,0.00,0.00,0.00,0.00,2603.07,11723
0818100004,2022,10/31/2022,202200762,679.08,35.66,104.00,90.50,818.74,05/01/2025,0.00,0.00,0.00,0.00,0.00,909.24,11723
0933276002,2022,10/31/2022,202200905,3303.41,99.10,104.00,90.50,3506.51,05/01/2025,0.00,0.00,0.00,0.00,0.00,3597.01,11723
1203201013,2021,11/1/2021,202100927,19122.74,1003.94,104.00,89.73,20230.68,05/01/2024,2740.30,143.86,40.00,0.00,2924.16,23595.47,11723
1210309025,2022,10/31/2022,202200985,2320.34,69.61,104.00,90.50,2493.95,05/01/2025,0.00,0.00,0.00,0.00,0.00,2584.45,11723
1215429048,2022,10/31/2022,202200996,5066.32,265.98,104.00,90.50,5436.3,05/01/2025,0.00,0.00,0.00,0.00,0.00,5526.8,11723
1227176003,2022,10/31/2022,202201022,3013.55,90.41,104.00,90.50,3207.96,05/01/2025,0.00,0.00,0.00,0.00,0.00,3298.46,11723
1232301013,2022,10/31/2022,202201028,8723.02,457.96,104.00,90.50,9284.98,05/01/2025,0.00,0.00,0.00,0.00,0.00,9375.48,11723
1334200017,2022,10/31/2022,202201059,4288.56,225.15,104.00,90.50,4617.71,05/01/2025,0.00,0.00,0.00,0.00,0.00,4708.21,11723
1435404030,2022,10/31/2022,202201127,8319.76,437.32,104.00,90.50,8871.08,05/01/2025,0.00,0.00,0.00,0.00,0.00,8961.58,11723
1507433006,2022,10/31/2022,202201155,4507.78,236.66,104.00,90.50,4848.44,05/01/2025,0.00,0.00,0.00,0.00,0.00,4938.94,11723
1514351026,2022,10/31/2022,202201229,3652.06,191.73,104.00,90.50,3947.79,05/01/2025,0.00,0.00,0.00,0.00,0.00,4038.29,11723
1514426009,2022,10/31/2022,202201238,2211.46,116.10,104.00,90.50,2431.56,05/01/2025,0.00,0.00,0.00,0.00,0.00,2522.06,11723
1516352007,2022,10/31/2022,202201277,1628.10,85.47,104.00,90.50,1817.57,05/01/2025,0.00,0.00,0.00,0.00,0.00,1908.07,11723
1517256058,2022,10/31/2022,202201306,1969.70,103.41,104.00,90.50,2177.11,05/01/2025,0.00,0.00,0.00,0.00,0.00,2267.61,11723
1521408052,2022,10/31/2022,202201387,7775.40,408.21,104.00,90.50,8287.61,05/01/2025,0.00,0.00,0.00,0.00,0.00,8378.11,11723
1522280010,2022,10/31/2022,202201406,2449.66,128.60,104.00,90.50,2682.26,05/01/2025,0.00,0.00,0.00,0.00,0.00,2772.76,11723
1522312044,2022,10/31/2022,202201411,2897.41,86.92,104.00,90.50,3088.33,05/01/2025,0.00,0.00,0.00,0.00,0.00,3178.83,11723
1522479008,2021,11/1/2021,202101371,2601.04,136.56,104.00,89.73,2841.6,05/01/2024,0.00,0.00,0.00,0.00,0.00,2931.33,11723
1524152031,2022,10/31/2022,202201516,1760.27,52.81,104.00,90.50,1917.08,05/01/2025,0.00,0.00,0.00,0.00,0.00,2007.58,11723
1524176006,2022,10/31/2022,202201520,2718.60,142.73,104.00,134.14,2965.33,05/01/2025,0.00,0.00,0.00,0.00,0.00,3099.47,11723
1526101003,2022,10/31/2022,202201556,1604.58,84.24,104.00,90.50,1792.82,05/01/2025,0.00,0.00,0.00,0.00,0.00,1883.32,11723
1526427009,2022,10/31/2022,202201592,991.13,29.73,104.00,90.50,1124.86,05/01/2025,0.00,0.00,0.00,0.00,0.00,1215.36,11723
1527254009,2022,10/31/2022,202201632,1935.42,58.06,104.00,90.50,2097.48,05/01/2025,0.00,0.00,0.00,0.00,0.00,2187.98,11723
1527351030,2021,11/1/2021,202101533,3218.54,168.98,104.00,89.73,3491.52,05/01/2024,0.00,0.00,0.00,0.00,0.00,3581.25,11723
1527351035,2022,10/31/2022,202201649,2323.40,121.98,104.00,90.50,2549.38,05/01/2025,0.00,0.00,0.00,0.00,0.00,2639.88,11723
1527354016,2022,10/31/2022,202201651,1822.44,54.67,104.00,90.50,1981.11,05/01/2025,0.00,0.00,0.00,0.00,0.00,2071.61,11723
0227176003,2022,10/31/2022,202200092,11.68,0.62,104.00,90.22,116.3,10/31/2024,12.50,0.47,30.00,0.00,42.97,254.65,11723
0230460049,2022,10/31/2022,202200106,2643.62,138.79,104.00,90.22,2886.41,10/31/2024,0.00,0.00,0.00,0.00,0.00,2976.63,11723
0233161002,2022,10/31/2022,202200111,3723.50,142.56,104.00,90.22,4998.69,10/31/2024,0.00,0.00,0.00,0.00,0.00,5088.91,11723
0321229012,2022,10/31/2022,202200254,131.53,3.95,104.00,90.22,239.48,10/31/2024,133.92,2.01,30.00,0.00,165.93,515.54,11723
0321376001,2022,10/31/2022,202200256,3568.02,107.04,104.00,90.22,3779.06,10/31/2024,0.00,0.00,0.00,0.00,0.00,3869.28,11723
0327230006,2022,10/31/2022,202200316,265.52,7.97,104.00,90.22,377.49,10/31/2024,5494.50,206.05,30.00,0.00,5730.55,6885.93,11723
0329229029,2021,11/1/2021,202100286,974.70,51.17,104.00,89.73,1129.87,04/30/2024,2011.06,75.42,60.00,0.00,2146.48,3750.69,11723
0522200057,2021,11/1/2021,202100343,176.62,9.27,104.00,89.73,289.89,04/30/2024,379.44,14.22,60.00,0.00,453.66,914.45,11723
0603328023,2022,10/31/2022,202200407,2684.02,140.91,104.00,90.22,2928.93,10/31/2024,2856.54,107.12,30.00,0.00,2993.66,6372.05,11723
0610181053,2022,10/31/2022,202200432,702.01,21.06,104.00,90.22,827.07,10/31/2024,1495.78,56.09,30.00,0.00,1581.87,2688.98,11723
0610378138,2022,10/31/2022,202200441,2526.82,132.66,104.00,90.22,2763.48,10/31/2024,2626.84,98.51,30.00,0.00,2755.35,5939.69,11723
0612376012,2022,10/31/2022,202200477,4555.52,239.16,104.00,90.22,4898.68,10/31/2024,4735.74,177.59,30.00,0.00,4943.33,10525.43,11723
0613480003,2021,11/1/2021,202100510,3887.82,204.11,104.00,89.73,4195.93,04/30/2024,5589.26,169.01,60.00,0.00,5818.27,11025.38,11723
0626426015,2021,11/1/2021,202100653,8579.00,450.40,104.00,89.73,9133.4,04/30/2024,18131.30,679.92,60.00,0.00,18871.22,31459.95,11723
0630251006,2022,10/31/2022,202200685,3932.56,117.98,104.00,90.22,4154.54,10/31/2024,0.00,0.00,0.00,0.00,0.00,4244.76,11723
0708300004,2022,10/31/2022,202200727,0.00,1.05,104.00,90.22,125.05,10/31/2024,0.00,0.00,0.00,0.00,0.00,215.27,11723
0818152011,2022,10/31/2022,202200763,6799.88,357.00,104.00,90.22,7260.88,10/31/2024,7016.92,263.14,30.00,0.00,7310.06,15538.37,11723
0832301022,2022,10/31/2022,202200782,2149.47,64.48,104.00,90.22,2317.95,10/31/2024,2250.19,33.75,30.00,0.00,2313.94,4999.78,11723
0933427004,2022,10/31/2022,202200908,6727.36,353.19,104.00,90.22,7184.55,10/31/2024,7010.88,262.91,30.00,0.00,7303.79,15455.01,11723
1415100010,2022,10/31/2022,202201076,14.36,0.76,104.00,90.22,119.12,10/31/2024,0.00,0.00,0.00,0.00,0.00,209.34,11723
1420278001,2021,11/1/2021,202101056,0.00,0.79,104.00,89.73,119.79,04/30/2024,0.00,0.00,0.00,0.00,0.00,209.52,11723
1516105048,2022,10/31/2022,202201265,59.66,3.13,104.00,90.22,166.79,10/31/2024,31.07,0.47,30.00,0.00,61.54,325.93,11723
1516105064,2022,10/31/2022,202201266,57.38,3.01,104.00,90.22,164.39,10/31/2024,59.76,2.24,30.00,0.00,92.00,357.65,11723
1516477057,2022,10/31/2022,202201298,577.70,30.33,104.00,90.22,712.03,10/31/2024,0.00,0.00,0.00,0.00,0.00,802.25,11723
1517256036,2022,10/31/2022,202201304,1969.70,103.41,104.00,90.22,2177.11,10/31/2024,2323.82,87.14,30.00,0.00,2440.96,5001.21,11723
1524451045,2021,11/1/2021,202101461,23.21,0.70,104.00,89.73,127.91,04/30/2024,81.92,2.49,60.00,0.00,144.41,386.14,11723
1527351057,2022,10/31/2022,202201650,2162.36,113.53,104.00,90.22,2379.89,10/31/2024,2219.62,83.24,30.00,0.00,2332.86,5082.91,11723
1528230021,2022,10/31/2022,202201676,2770.82,145.47,104.00,90.22,3020.29,10/31/2024,2800.94,105.04,30.00,0.00,2935.98,6398.81,11723
1528429014,2022,10/31/2022,202201699,4157.98,218.29,104.00,90.22,4480.27,10/31/2024,4237.00,158.89,30.00,0.00,4425.89,9527.49,11723
1536125008,2021,11/1/2021,202101642,4838.98,254.04,104.00,89.73,5197.02,04/30/2024,10277.76,385.42,60.00,0.00,10723.18,17934.55,11723
0313452021,2022,10/31/2022,202200220,4785.98,251.26,104.00,90.50,5141.24,05/01/2025,4903.20,183.87,30.00,0.00,5117.07,10962.86,11723
0322282013,2021,11/1/2021,202100254,4412.70,231.67,104.00,89.73,4748.37,05/03/2024,9033.42,338.75,60.00,0.00,9432.17,15963.04,11723
0501331005,2022,10/31/2022,202200350,1766.22,90.21,104.00,90.50,1970.43,05/01/2025,0.00,0.00,0.00,0.00,0.00,2060.93,11723
0513405010,2022,10/31/2022,202200364,22524.60,1182.54,104.00,90.50,23811.14,05/01/2025,22413.46,840.50,30.00,0.00,23283.96,49979.68,11723
0611483008,2022,10/31/2022,202200458,4306.34,226.09,104.00,90.50,4636.43,05/01/2025,4512.98,169.24,30.00,0.00,4712.22,10004.62,11723
0612283001,2022,10/31/2022,202200471,3408.46,178.95,134.00,90.50,3721.41,05/01/2025,3579.54,134.24,30.00,0.00,3743.78,8004.94,11723
0612357012,2021,11/1/2021,202100468,3037.26,159.46,104.00,89.73,3300.72,05/03/2024,3294.18,153.53,30.00,0.00,3477.71,7610.43,11723
0613426013,2021,11/1/2021,202100508,5701.22,299.32,104.00,89.73,6104.54,05/03/2024,11915.20,446.83,60.00,0.00,12422.03,20837.87,11723
0624403001,2022,10/31/2022,202200648,8098.50,425.17,104.00,90.50,8627.67,05/01/2025,8455.14,317.06,30.00,0.00,8802.20,18576.63,11723
0629451058,2022,10/31/2022,202200684,4453.80,233.83,104.00,90.50,4791.63,05/01/2025,0.00,0.00,0.00,0.00,0.00,4882.13,11723
0832301015,2021,11/1/2021,202100760,4881.88,256.30,104.00,89.73,5242.18,05/03/2024,9414.90,353.06,60.00,0.00,9827.96,16954.69,11723
0902179019,2022,10/31/2022,202200789,3664.22,192.37,104.00,90.50,3960.59,05/01/2025,3849.54,144.36,30.00,0.00,4023.90,8557.86,11723
1233453036,2022,10/31/2022,202201031,4467.78,234.56,104.00,90.50,4806.34,05/01/2025,4621.04,173.29,30.00,0.00,4824.33,10300.09,11723
1410303001,2022,10/31/2022,202201069,7184.28,377.17,104.00,90.50,7665.45,05/01/2025,7387.12,277.01,30.00,0.00,7694.13,16373.38,11723
1506282012,2022,10/31/2022,202201153,7999.82,419.99,104.00,90.50,8523.81,05/01/2025,8374.20,314.04,30.00,0.00,8718.24,18378.74,11723
1511180002,2021,11/1/2021,202101117,4694.00,246.44,104.00,89.73,5044.44,05/03/2024,9892.32,370.96,60.00,0.00,10323.28,17313.56,11723
1516353011,2022,10/31/2022,202201278,3539.16,185.81,104.00,90.50,3828.97,05/01/2025,3722.42,139.59,30.00,0.00,3892.01,8278.52,11723
1516452004,2021,11/1/2021,202101241,2236.58,117.42,104.00,89.73,2458.0,05/03/2024,2528.56,94.82,30.00,0.00,2653.38,5519.52,11723
1521210005,2021,11/1/2021,202101312,6209.40,325.99,104.00,89.73,6639.39,05/03/2024,13303.24,498.88,60.00,0.00,13862.12,23070.19,11723
1522431044,2022,10/31/2022,202201428,8226.20,431.87,104.00,90.50,8762.07,05/01/2025,8315.74,311.84,30.00,0.00,8657.58,18549.06,11723
1522479008,2022,10/31/2022,202201435,2718.34,142.72,104.00,90.50,2965.06,05/01/2025,2747.90,103.05,30.00,0.00,2880.95,6282.22,11723
1523326018,2022,10/31/2022,202201479,3618.64,189.98,104.00,90.50,3912.62,05/01/2025,3658.04,137.18,30.00,0.00,3825.22,8287.37,11723
1526128007,2021,11/1/2021,202101476,3142.76,164.99,104.00,89.73,3411.75,05/03/2024,6604.60,247.67,60.00,0.00,6912.27,11655.73,11723
1527304022,2022,10/31/2022,202201643,3415.60,179.32,104.00,90.50,3698.92,05/01/2025,0.00,0.00,0.00,0.00,0.00,3789.42,11723
1527405003,2022,10/31/2022,202201657,3501.82,183.85,104.00,90.50,3789.67,05/01/2025,3539.90,132.75,30.00,0.00,3702.65,8027.14,11723
1527455005,2022,10/31/2022,202201668,2795.92,146.79,104.00,90.50,3046.71,05/01/2025,1430.06,21.45,30.00,0.00,1481.51,4796.5,11723
1534107021,2022,10/31/2022,202201738,2459.76,129.14,104.00,90.50,2692.9,05/01/2025,2486.54,93.25,30.00,0.00,2609.79,5706.36,11723
1534257003,2021,11/1/2021,202101615,991.80,52.07,104.00,89.73,1147.87,05/03/2024,2071.56,77.68,60.00,0.00,2209.24,3844.18,11723
1536104036,2022,10/31/2022,202201782,1939.09,58.17,104.00,90.50,2101.26,05/01/2025,0.00,0.00,0.00,0.00,0.00,2191.76,11723
0624102017,2020,2/1/2021,202000307,3828.90,373.31,104.00,89.36,4306.21,01/16/2024,8027.76,362.17,70.00,0.00,8459.93,14862.04,11723
1521406015,2020,2/1/2021,202000674,24873.94 2425.21,,104.00,638.61,27403.15,01/16/2024,31965.24,1292.65,70.00,0.00,33327.89,71776.04,11723
1208300013,2022,10/31/2022,202200971,881.84,46.30,104.00,90.50,1032.14,10/31/2024,0.00,0.00,0.00,0.00,0.00,1122.64,11723
1209127021,2022,10/31/2022,202200973,990.89,29.73,104.00,90.50,1124.62,10/31/2024,0.00,0.00,0.00,0.00,0.00,1215.12,11723
0122351003,2022,10/31/2022,202200018,2210.57,66.32,104.00,90.50,2380.89,07/31/2025,0.00,0.00,0.00,0.00,0.00,2471.39,11723
0307451022,2022,10/31/2022,202200163,4934.18,259.04,104.00,90.50,5297.22,07/31/2025,0.00,0.00,0.00,0.00,0.00,5387.72,11723
0308377027,2022,10/31/2022,202200170,3753.51,112.61,104.00,90.50,3970.12,07/31/2025,0.00,0.00,0.00,0.00,0.00,4060.62,11723
0312126024,2022,10/31/2022,202200197,3996.04,209.79,104.00,90.50,4309.83,07/31/2025,0.00,0.00,0.00,0.00,0.00,4400.33,11723
0614104008,2022,10/31/2022,202200529,4807.20,252.38,104.00,90.50,5163.58,07/31/2025,0.00,0.00,0.00,0.00,0.00,5254.08,11723
0620338003,2022,10/31/2022,202200601,12517.72,657.18,104.00,90.50,13278.9,07/31/2025,0.00,0.00,0.00,0.00,0.00,13369.4,11723
0621127019,2022,10/31/2022,202200604,5344.82,280.60,104.00,90.50,5729.42,07/31/2025,0.00,0.00,0.00,0.00,0.00,5819.92,11723
0622204018,2022,10/31/2022,202200615,2838.71,85.16,104.00,90.50,3027.87,07/31/2025,0.00,0.00,0.00,0.00,0.00,3118.37,11723
0624178010,2022,10/31/2022,202200634,3613.48,189.71,104.00,90.50,3907.19,07/31/2025,0.00,0.00,0.00,0.00,0.00,3997.69,11723
0632402024,2022,10/31/2022,202200691,5611.70,294.62,104.00,90.50,6010.32,07/31/2025,0.00,0.00,0.00,0.00,0.00,6100.82,11723
0635307004,2022,10/31/2022,202200712,3679.80,110.39,104.00,90.50,3894.19,07/31/2025,0.00,0.00,0.00,0.00,0.00,3984.69,11723
1129200020,2022,10/31/2022,202200945,6128.42,321.75,104.00,90.50,6554.17,07/31/2025,0.00,0.00,0.00,0.00,0.00,6644.67,11723
1501101006,2022,10/31/2022,202201129,30.44,1.60,104.00,90.50,136.04,07/31/2025,0.00,0.00,0.00,0.00,0.00,226.54,11723
1508426002,2022,10/31/2022,202201162,7046.42,369.94,104.00,90.50,7520.36,07/31/2025,0.00,0.00,0.00,0.00,0.00,7610.86,11723
1517376012,2022,10/31/2022,202201314,2186.79,65.60,104.00,90.50,2356.39,07/31/2025,0.00,0.00,0.00,0.00,0.00,2446.89,11723
1519477014,2022,10/31/2022,202201344,3180.91,95.43,104.00,90.50,3380.34,07/31/2025,0.00,0.00,0.00,0.00,0.00,3470.84,11723
1521110012,2022,10/31/2022,202201366,4039.54,212.07,104.00,90.50,4355.61,07/31/2025,0.00,0.00,0.00,0.00,0.00,4446.11,11723
1522283018,2022,10/31/2022,202201408,4473.80,234.88,104.00,90.50,4812.68,07/31/2025,0.00,0.00,0.00,0.00,0.00,4903.18,11723
1527326021,2022,10/31/2022,202201647,4638.24,243.50,104.00,90.50,4985.74,07/31/2025,0.00,0.00,0.00,0.00,0.00,5076.24,11723
1534330045,2022,10/31/2022,202201768,2589.44,135.94,104.00,90.50,2829.38,07/31/2025,0.00,0.00,0.00,0.00,0.00,2919.88,11723
1535152009,2022,10/31/2022,202201777,1596.54,47.90,104.00,90.50,1748.44,07/31/2025,0.00,0.00,0.00,0.00,0.00,1838.94,11723
1536105152,2022,10/31/2022,202201784,2826.92,148.41,104.00,90.50,3079.33,07/31/2025,0.00,0.00,0.00,0.00,0.00,3169.83,11723
0303179010,2022,10/31/2022,202200143,590.80,31.02,104.00,90.50,725.82,05/06/2025,0.00,0.00,0.00,0.00,0.00,845.35,11723
1524308023,2022,10/31/2022,202201527,323.66,16.99,104.00,90.50,444.65,05/06/2025,0.00,0.00,0.00,0.00,0.00,552.94,11723
0613105020,2021,11/1/2021,202100476,549.06,28.83,104.00,89.73,681.89,11/08/2023,562.60,21.10,30.00,0.00,613.70,1532.61,11723
0615453012,2021,11/1/2021,202100570,4772.04,250.53,104.00,89.73,5126.57,05/08/2024,4889.82,183.36,30.00,0.00,5103.18,11544.24,11723
0622203005,2021,11/1/2021,202100595,2032.92,60.99,104.00,89.73,2197.91,05/08/2024,0.00,0.00,0.00,0.00,0.00,2287.64,11723
0624177024,2021,11/1/2021,202100623,44.52,2.34,104.00,89.73,150.86,11/08/2023,0.00,0.00,0.00,0.00,0.00,240.59,11723
0624403001,2021,11/1/2021,202100638,7539.70,395.84,104.00,89.73,8039.54,05/08/2024,0.00,0.00,0.00,0.00,0.00,8129.27,11723
0703400019,2021,11/1/2021,202100707,3599.49,108.28,104.00,89.73,3821.77,05/08/2024,7440.76,279.78,30.00,0.00,7770.54,13546.97,11723
0818152011,2021,11/1/2021,202100746,6789.34,356.44,104.00,89.73,7249.78,05/08/2024,0.00,0.00,0.00,0.00,0.00,7339.51,11723
0906353016,2021,11/1/2021,202100782,3246.78,170.45,104.00,89.73,3521.23,11/08/2023,0.00,0.00,0.00,0.00,0.00,3610.96,11723
1514304038,2021,11/1/2021,202101170,615.92,32.34,104.00,89.73,752.26,11/08/2023,0.00,0.00,0.00,0.00,0.00,841.99,11723
1516407021,2021,11/1/2021,202101237,32302.94,1695.90,104.00,89.73,34102.84,11/08/2023,33940.62,1272.77,30.00,0.00,35243.39,77894.37,11723
1523330023,2021,11/1/2021,202101392,404.18,21.22,104.00,89.73,529.4,11/08/2023,0.00,0.00,0.00,0.00,0.00,619.13,11723
1524176006,2021,11/1/2021,202101440,2581.48,135.53,104.00,68.40,2821.01,05/08/2024,0.00,0.00,0.00,0.00,0.00,2889.41,11723
1526277017,2021,11/1/2021,202101490,445.80,23.41,104.00,89.73,573.21,11/08/2023,0.00,0.00,0.00,0.00,0.00,662.94,11723
1526402015,2021,11/1/2021,202101493,191.04,10.03,104.00,89.73,305.07,11/08/2023,0.00,0.00,0.00,0.00,0.00,394.8,11723
1527282003,2021,11/1/2021,202101524,1037.43,31.12,104.00,89.73,1172.55,05/08/2024,2168.40,81.31,30.00,0.00,2279.71,4089.12,11723
1529201006,2021,11/1/2021,202101578,4152.72,218.02,104.00,89.73,4474.74,05/08/2024,0.00,0.00,0.00,0.00,0.00,4564.47,11723
1521130011,2022,10/31/2022,202201367,713.82,37.48,104.00,90.50,855.3,05/01/2025,0.00,0.00,0.00,0.00,0.00,1099.75,11723
1521130012,2022,10/31/2022,202201368,2617.30,137.41,104.00,90.50,2858.71,05/01/2025,0.00,0.00,0.00,0.00,0.00,3463.78,11723
1521130013,2022,10/31/2022,202201369,713.82,37.48,104.00,90.50,855.3,05/01/2025,0.00,0.00,0.00,0.00,0.00,1099.75,11723
1534283019,2022,10/31/2022,202201763,751.96,39.48,104.00,90.50,895.44,05/01/2025,0.00,0.00,0.00,0.00,0.00,1147.12,11723
1528431002,2020,2/1/2021,202000837,2238.44,218.25,104.00,2149.14,2560.69,10/24/2023,7303.18,198.21,90.00,0.00,7591.39,14107.04,11723
0314182018,2020,2/1/2021,202000104,3843.44,374.74,104.00,1610.90,4322.18,01/16/2024,7751.92,349.35,70.00,0.00,8171.27,16048.77,11723
0311329040,2020,2/1/2021,202000065,1577.28,153.79,104.00,1037.48,1835.07,09/20/2023,4966.04,122.61,90.00,0.00,5178.65,10613.29,11723
0333300072,2020,2/1/2021,202000148,5166.90,503.77,104.00,1722.46,5774.67,01/16/2024,10612.82,478.04,70.00,0.00,11160.86,21318.17,11723
0611358011,2020,2/1/2021,202000208,6430.10,626.94,104.00,1541.34,7161.04,01/16/2024,13346.38,601.82,70.00,0.00,14018.20,26051.33,11723
0313453027,2021,11/1/2021,202100218,5300.46,278.28,104.00,89.73,5682.74,05/08/2024,10906.98,409.01,60.00,0.00,11375.99,19188.16,11723
0612461002,2021,11/1/2021,202100475,2294.42,120.46,104.00,89.73,2518.88,05/08/2024,5213.20,195.50,60.00,0.00,5468.70,9051.33,11723
0635407009,2021,11/1/2021,202100702,4403.02,231.16,104.00,89.73,4738.18,05/08/2024,9392.40,352.22,60.00,0.00,9804.62,16379.02,11723
1228278004,2021,11/1/2021,202100997,"4,325.64",227.09,104.00,89.73,4656.73,05/08/2024,9208.18,345.31,60.00,0.00,9613.49,16068.72,11723
1516232006,2021,11/1/2021,202101214,"4,702.62",246.89,104.00,89.73,5053.51,05/08/2024,10082.76,378.10,60.00,0.00,10520.86,17545.36,11723
0603328023,2020,2/1/2021,202000185,"2,461.94",240.04,104.00,488.61,2805.98,02/01/2024,2573.86,135.13,40.00,0.00,2748.99,6703.34,11723
0612376012,2020,2/1/2021,202000226,"4,336.70",422.83,104.00,488.61,4863.53,02/01/2024,4445.72,233.40,40.00,0.00,4719.12,11203.85,11723
0435477002,2020,2/1/2021,202000170,"7,790.72",759.59,104.00,1889.14,8654.31,01/16/2024,14973.60,675.18,70.00,0.00,15718.78,29997.14,11723
0128403031,2021,11/1/2021,202100028,"2,953.27",88.60,104.00,89.73,3145.87,05/08/2024,0.00,0.00,0.00,0.00,0.00,3235.6,11723
0612303020,2021,11/1/2021,202100465,"4,381.88",230.05,104.00,89.73,4715.93,05/08/2024,4490.04,235.73,40.00,0.00,4765.77,10143.32,11723
0613254011,2021,11/1/2021,202100489,5654.16,296.84,104.00,89.73,6055.0,05/08/2024,6093.98,319.93,40.00,0.00,6453.91,13373.11,11723
0614177005,2021,11/1/2021,202100519,3043.84,159.80,104.00,89.73,3307.64,05/08/2024,3144.46,165.09,40.00,0.00,3349.55,7148.87,11723
0624129006,2021,11/1/2021,202100614,4070.60,213.71,104.00,89.73,4388.31,05/08/2024,4355.68,228.68,40.00,0.00,4624.36,9657.32,11723
0624177003,2021,11/1/2021,202100621,6177.86,324.34,104.00,89.73,6606.2,05/08/2024,6355.82,333.68,40.00,0.00,6729.50,14232.97,11723
0625176009,2021,11/1/2021,202100646,2740.79,82.22,104.00,89.73,2927.01,05/08/2024,0.00,0.00,0.00,0.00,0.00,3016.74,11723
1513126003,2021,11/1/2021,202101155,3295.92,173.04,104.00,89.73,3572.96,05/08/2024,3469.40,182.14,40.00,0.00,3691.54,7797.21,11723
1516205011,2021,11/1/2021,202101212,5277.42,277.06,104.00,89.73,5658.48,05/08/2024,5586.88,293.31,40.00,0.00,5920.19,12378.82,11723
1521176010,2021,11/1/2021,202101307,3675.56,192.96,104.00,89.73,3972.52,05/08/2024,3938.86,206.79,40.00,0.00,4185.65,8750.18,11723
0303179003,2022,10/31/2022,202200136,7520.76,394.84,104.00,90.50,8019.6,05/01/2025,0.00,0.00,0.00,0.00,0.00,8110.1,11723
0303228012,2022,10/31/2022,202200153,5878.76,308.63,104.00,90.50,6291.39,05/01/2025,0.00,0.00,0.00,0.00,0.00,6381.89,11723
0311203002,2022,10/31/2022,202200174,3957.28,207.76,104.00,90.50,4269.04,05/01/2025,0.00,0.00,0.00,0.00,0.00,4359.54,11723
0314206011,2022,10/31/2022,202200230,3818.86,200.49,104.00,90.50,4123.35,05/01/2025,0.00,0.00,0.00,0.00,0.00,4213.85,11723
0612357006,2022,10/31/2022,202200475,3483.12,182.87,104.00,90.50,3769.99,05/01/2025,0.00,0.00,0.00,0.00,0.00,3860.49,11723
0613376014,2022,10/31/2022,202200518,5101.80,267.85,104.00,90.50,5473.65,05/01/2025,0.00,0.00,0.00,0.00,0.00,5564.15,11723
0614130011,2022,10/31/2022,202200532,3919.22,205.76,104.00,90.50,4228.98,05/01/2025,0.00,0.00,0.00,0.00,0.00,4319.48,11723
0623183017,2022,10/31/2022,202200625,5215.64,273.82,104.00,90.50,5593.46,05/01/2025,0.00,0.00,0.00,0.00,0.00,5683.96,11723
1105103005,2022,10/31/2022,202200934,4284.84,224.95,104.00,90.50,4613.79,05/01/2025,0.00,0.00,0.00,0.00,0.00,4704.29,11723
1421181001,2022,10/31/2022,202201099,3080.48,162.51,104.00,90.50,3361.99,05/01/2025,0.00,0.00,0.00,0.00,0.00,3452.49,11723
1527232004,2022,10/31/2022,202201629,636.19,19.09,104.00,90.50,759.28,05/01/2025,0.00,0.00,0.00,0.00,0.00,849.78,11723
0103200016,2021,11/1/2021,202100004,1058.28,55.56,104.00,89.73,1217.84,06/03/2024,0.00,0.00,0.00,0.00,0.00,1307.57,11723
0210103002,2020,2/1/2021,202000010,5138.52,501.00,104.00,1624.02,5743.52,01/16/2024,10610.02,478.03,70.00,0.00,11158.05,21183.15,11723
0229306015,2020,2/1/2021,202000021,0.00,15.76,104.00,89.36,281.36,01/16/2024,0.00,6.06,30.00,0.00,197.66,639.54,11723
0311303007,2021,11/1/2021,202100186,239.40,12.57,104.00,89.73,355.97,06/03/2024,244.06,12.81,40.00,0.00,296.87,778.19,11723
0329176006,2021,11/1/2021,202100285,9724.02,510.51,104.00,89.73,10338.53,06/03/2024,9902.68,519.89,40.00,0.00,10462.57,22146.34,11723
0607227012,2021,11/1/2021,202100382,1744.22,91.57,104.00,89.73,1939.79,06/03/2024,1794.48,94.21,40.00,0.00,1928.69,4189.65,11723
0609478006,2020,2/1/2021,202000196,5730.26,558.70,104.00,1952.14,6392.96,01/16/2024,12041.50,543.31,70.00,0.00,12654.81,24000.84,11723
0612255009,2021,11/1/2021,202100461,6531.46,342.90,104.00,89.73,6978.36,06/03/2024,6692.72,40.00,0.00,0.00,7084.09,15002.27,11723
0614405009,2021,11/1/2021,202100540,6130.24,321.83,104.00,89.73,6556.07,06/03/2024,6281.60,329.78,40.00,0.00,6651.38,14095.35,11723
0908101003,2021,11/1/2021,202100784,13308.62,698.70,104.00,89.73,14111.32,06/03/2024,12810.86,672.57,40.00,0.00,13523.43,29347.29,11723
1132301010,2021,11/1/2021,202100905,7068.08,371.07,104.00,89.73,7543.15,06/03/2024,7191.82,377.57,40.00,0.00,7609.39,16155.4,11723
1214154007,2021,11/1/2021,202100954,5272.76,276.82,104.00,89.73,5653.58,06/03/2024,5484.02,287.91,40.00,0.00,5811.93,12252.67,11723
1336300028,2021,11/1/2021,202101033,8630.98,453.12,104.00,89.73,9188.1,06/03/2024,0.00,0.00,0.00,0.00,0.00,9277.83,11723
1506476008,2021,11/1/2021,202101096,132147.58,9911.07,104.00,89.73,142162.65,06/03/2024,237405.08,12463.77,40.00,0.00,249908.85,422150.29,11723
1514228292,2021,11/1/2021,202101166,214.32,11.25,104.00,89.73,329.57,06/03/2024,0.00,0.00,0.00,0.00,0.00,419.3,11723
1514451017,2021,11/1/2021,202101182,5096.54,267.57,104.00,89.73,5468.11,06/03/2024,5326.30,279.63,40.00,0.00,5645.93,11881.28,11723
1516407007,2021,11/1/2021,202101233,571.72,30.02,104.00,89.73,705.74,06/03/2024,600.72,31.54,40.00,0.00,672.26,1548.4,11723
1516407010,2021,11/1/2021,202101234,571.72,30.02,104.00,89.73,705.74,06/03/2024,600.72,31.54,40.00,0.00,672.26,1548.4,11723
1524127006,2021,11/1/2021,202101431,1597.46,83.86,104.00,89.73,1785.32,06/03/2024,1693.60,88.91,40.00,0.00,1822.51,3916.26,11723
1530203030,2021,11/1/2021,202101588,1873.19,56.20,104.00,89.73,2033.39,06/03/2024,0.00,0.00,0.00,0.00,0.00,2123.12,11723
1534257012,2021,11/1/2021,202101616,1555.40,81.66,104.00,89.73,1741.06,06/03/2024,1620.24,85.06,40.00,0.00,1745.30,3785.53,11723
0236274021,2022,10/31/2022,202200117,5412.64,326.44,104.00,90.50,6648.32,04/30/2025,5586.78,240.34,30.00,0.00,6679.34,14219.68,11723
0301200026,2022,10/31/2022,202200120,19485.14,1022.97,104.00,90.50,20612.11,04/30/2025,20297.16,761.14,30.00,0.00,21088.30,44321.51,11723
0304101045,2022,10/31/2022,202200155,4702.08,141.06,104.00,90.50,4947.14,04/30/2025,9682.62,363.10,30.00,0.00,10075.72,16322.45,11723
0311226040,2022,10/31/2022,202200176,5114.98,268.53,104.00,90.50,5487.51,04/30/2025,5238.10,196.43,30.00,0.00,5464.53,11698.28,11723
0327126028,2022,10/31/2022,202200310,7555.70,396.68,104.00,90.50,8056.38,04/30/2025,7802.10,292.58,30.00,0.00,8124.68,17246.52,11723
0610105048,2022,10/31/2022,202200429,1875.21,56.26,104.00,90.50,2035.47,04/30/2025,1949.40,29.24,30.00,0.00,2008.64,4375.65,11723
0611480005,2021,11/1/2021,202100419,4183.42,219.63,104.00,89.73,4507.05,05/01/2024,4552.58,170.72,30.00,0.00,4753.30,10490.87,11723
0613251003,2022,10/31/2022,202200506,4256.20,223.45,104.00,90.50,4583.65,04/30/2025,4460.78,167.28,30.00,0.00,4658.06,9891.18,11723
0614237011,2020,2/1/2021,202000259,3533.02,344.47,104.00,3646.01,3981.49,10/20/2023,11507.16,310.74,90.00,0.00,11907.90,22363.68,11723
0614455010,2021,11/1/2021,202100555,2471.44,129.75,104.00,89.73,2705.19,05/01/2024,0.00,0.00,0.00,0.00,0.00,2794.92,11723
0909403007,2022,10/31/2022,202200813,4228.64,126.86,104.00,90.50,4459.5,04/30/2025,8972.88,336.49,30.00,0.00,9339.37,15010.09,11723
0927361022,2022,10/31/2022,202200885,9215.40,483.81,104.00,90.50,9803.21,04/30/2025,9572.26,358.96,30.00,0.00,9961.22,21050.28,11723
1003100014,2022,10/31/2022,202200926,17268.00,518.04,104.00,90.50,17890.04,04/30/2025,35588.84,1334.59,30.00,0.00,36953.43,59368.38,11723
1201311024,2022,10/31/2022,202200953,7763.96,407.61,104.00,90.50,8275.57,04/30/2025,7983.14,299.36,30.00,0.00,8312.50,17676.07,11723
1214105005,2022,10/31/2022,202200989,3018.11,90.54,104.00,90.50,3212.65,04/30/2025,6732.22,252.46,30.00,0.00,7014.68,11159.59,11723
1220378006,2022,10/31/2022,202201005,9064.57,271.94,104.00,90.50,9440.51,04/30/2025,18857.58,707.16,30.00,0.00,19594.74,31477.12,11723
1512103059,2022,10/31/2022,202201186,3358.20,176.30,104.00,90.50,3638.5,04/30/2025,1697.39,25.46,30.00,0.00,1752.85,5692.19,11723
1512127191,2021,11/1/2021,202101144,2301.40,120.82,104.00,89.73,2526.22,05/01/2024,0.00,0.00,0.00,0.00,0.00,2615.95,11723
1512151013,2021,11/1/2021,202101148,11947.92,627.27,104.00,89.73,12679.19,05/01/2024,25109.12,941.59,60.00,0.00,26110.71,43571.1,11723
1514378025,2022,10/31/2022,202201237,3109.40,163.24,104.00,90.50,3376.64,04/30/2025,3177.02,119.14,30.00,0.00,3326.16,7192.44,11723
1515229005,2021,11/1/2021,202101189,1242.18,37.27,104.00,89.73,1383.45,05/01/2024,0.00,0.00,0.00,0.00,0.00,1473.18,11723
1515427005,2022,10/31/2022,202201254,1049.09,31.47,104.00,90.50,1184.56,04/30/2025,2154.74,80.80,30.00,0.00,2265.54,3812.46,11723
1516129014,2022,10/31/2022,202201267,2312.96,69.39,104.00,90.50,2486.35,04/30/2025,5335.06,200.06,30.00,0.00,5565.12,8809.78,11723
1516403016,2022,10/31/2022,202201284,1180.60,35.42,104.00,90.50,1320.02,04/30/2025,2496.52,93.62,30.00,0.00,2620.14,4345.08,11723
1516454026,2022,10/31/2022,202201292,3203.40,168.18,104.00,90.50,3475.58,04/30/2025,0.00,0.00,0.00,0.00,0.00,3566.08,11723
1517256101,2021,11/1/2021,202101258,2019.76,106.04,104.00,89.73,2229.8,05/01/2024,2505.90,93.97,30.00,0.00,2629.87,5264.98,11723
1517429006,2022,10/31/2022,202201323,2485.77,74.57,104.00,90.50,2664.34,04/30/2025,0.00,0.00,0.00,0.00,0.00,2754.84,11723
1522251009,2022,10/31/2022,202201405,1795.28,94.25,104.00,90.50,1993.53,04/30/2025,1848.56,69.32,30.00,0.00,1947.88,4265.66,11723
1526476015,2022,10/31/2022,202201599,2073.36,108.85,104.00,90.50,2286.21,04/30/2025,2084.10,78.15,30.00,0.00,2192.25,4832.03,11723
1527209015,2022,10/31/2022,202201625,2626.66,78.80,104.00,90.50,2809.46,04/30/2025,5344.22,200.41,30.00,0.00,5574.63,9143.55,11723
1533180034,2022,10/31/2022,202201729,9412.08,494.13,104.00,90.50,10010.21,04/30/2025,9848.90,369.34,30.00,0.00,10248.24,21578.74,11723
1534303009,2022,10/31/2022,202201764,2464.04,129.36,104.00,90.50,2697.4,04/30/2025,2524.60,94.67,30.00,0.00,2649.27,5755.08,11723
0104200013,2022,10/31/2022,202200009,62.58,3.29,104.00,90.50,169.87,06/26/2025,65.68,2.46,30.00,0.00,98.14,400.87,11723
0131300043,2021,11/1/2021,202100029,12.06,0.63,104.00,89.73,116.69,06/21/2024,25.08,0.95,50.00,0.00,76.03,379.51,11723
0201100029,2021,11/1/2021,202100031,69.40,3.64,134.00,89.73,207.04,06/21/2024,75.26,2.82,20.00,0.00,98.08,567.46,11723
0210100016,2021,11/1/2021,202100070,242.48,12.73,104.00,89.73,359.21,06/21/2024,125.99,1.89,30.00,0.00,157.88,884.4,11723
0213300003,2022,10/31/2022,202200070,32.40,1.71,104.00,90.50,138.11,06/26/2025,34.48,1.29,30.00,0.00,65.77,327.13,11723
0223251001,2022,10/31/2022,202200079,861.34,45.22,104.00,90.50,1010.56,06/26/2025,884.60,33.17,30.00,0.00,947.77,2344.46,11723
0228379030,2021,11/1/2021,202100106,0.00,8.48,104.00,89.73,274.08,06/21/2024,0.00,12.12,50.00,0.00,385.32,1015.23,11723
0303179001,2022,10/31/2022,202200134,48.92,2.56,104.00,90.50,155.48,06/26/2025,0.00,0.00,0.00,0.00,0.00,273.97,11723
0303179002,2022,10/31/2022,202200135,48.92,2.56,104.00,90.50,155.48,06/26/2025,0.00,0.00,0.00,0.00,0.00,273.97,11723
0303179004,2022,10/31/2022,202200137,48.92,2.56,104.00,90.50,155.48,06/26/2025,0.00,0.00,0.00,0.00,0.00,273.97,11723
0303179005,2022,10/31/2022,202200138,48.92,2.56,104.00,90.50,155.48,06/26/2025,0.00,0.00,0.00,0.00,0.00,273.97,11723
0303179006,2022,10/31/2022,202200139,48.92,2.56,104.00,90.50,155.48,06/26/2025,0.00,0.00,0.00,0.00,0.00,273.97,11723
0303179007,2022,10/31/2022,202200140,48.92,2.56,104.00,90.50,155.48,06/26/2025,0.00,0.00,0.00,0.00,0.00,273.97,11723
0303179008,2022,10/31/2022,202200141,48.92,2.56,104.00,90.50,155.48,06/26/2025,0.00,0.00,0.00,0.00,0.00,273.97,11723
0303179009,2022,10/31/2022,202200142,48.92,2.56,104.00,90.50,155.48,06/26/2025,0.00,0.00,0.00,0.00,0.00,273.97,11723
0303179011,2022,10/31/2022,202200144,48.92,2.56,104.00,90.50,155.48,06/26/2025,0.00,0.00,0.00,0.00,0.00,273.97,11723
0303179012,2022,10/31/2022,202200145,48.92,2.56,104.00,90.50,155.48,06/26/2025,0.00,0.00,0.00,0.00,0.00,273.97,11723
0303179021,2022,10/31/2022,202200146,48.92,2.56,104.00,90.50,155.48,06/26/2025,0.00,0.00,0.00,0.00,0.00,273.97,11723
0303179022,2022,10/31/2022,202200147,48.92,2.56,104.00,90.50,155.48,06/26/2025,0.00,0.00,0.00,0.00,0.00,273.97,11723
0303179023,2022,10/31/2022,202200148,48.92,2.56,104.00,90.50,155.48,06/26/2025,0.00,0.00,0.00,0.00,0.00,273.97,11723
0303179024,2022,10/31/2022,202200149,48.92,2.56,104.00,90.50,155.48,06/26/2025,0.00,0.00,0.00,0.00,0.00,273.97,11723
0303179028,2022,10/31/2022,202200150,48.92,2.56,104.00,90.50,155.48,06/26/2025,50.24,1.89,30.00,0.00,82.13,365.96,11723
0303179035,2021,11/1/2021,202100147,48.00,2.52,104.00,89.73,154.52,06/21/2024,99.16,3.73,50.00,0.00,152.89,535.23,11723
0303180011,2022,10/31/2022,202200151,48.92,2.56,104.00,90.50,155.48,06/26/2025,0.00,0.00,0.00,0.00,0.00,273.97,11723
0308153001,2022,10/31/2022,202200165,123.24,6.47,104.00,90.50,233.71,06/26/2025,126.70,4.75,30.00,0.00,161.45,547.1,11723
0311303006,2021,11/1/2021,202100185,239.40,12.57,104.00,89.73,355.97,06/21/2024,244.06,9.15,20.00,0.00,273.21,1040.78,11723
0311304014,2021,11/1/2021,202100187,800.68,42.04,104.00,89.73,946.72,06/21/2024,1655.38,62.07,50.00,0.00,1767.45,3801.66,11723
0311351012,2022,10/31/2022,202200183,122.03,3.66,104.00,90.50,229.69,06/26/2025,250.84,9.41,30.00,0.00,290.25,686.61,11723
0311351014,2022,10/31/2022,202200184,122.03,3.66,104.00,90.50,229.69,06/26/2025,250.84,9.41,30.00,0.00,290.25,686.61,11723
0314129022,2021,11/1/2021,202100220,"2,559.48",134.37,104.00,89.73,2797.85,06/21/2024,5291.80,198.45,50.00,0.00,5540.25,11434.41,11723
0315101030,2022,10/31/2022,202200235,825.29,24.76,104.00,90.50,954.05,06/26/2025,840.19,12.60,30.00,0.00,882.79,2205.0,11723
0317200024,2021,11/1/2021,202100239,"7,466.14",391.97,104.00,89.73,7962.11,06/21/2024,15284.36,573.17,50.00,0.00,15907.53,32546.34,11723
0318254015,2022,10/31/2022,202200249,16.50,0.87,104.00,90.50,121.37,06/26/2025,16.82,0.63,30.00,0.00,47.45,286.86,11723
0322253003,2021,11/1/2021,202100253,"1,214.72",63.77,104.00,89.73,1382.49,06/21/2024,2486.76,93.26,50.00,0.00,2630.02,5569.05,11723
0322301008,2022,10/31/2022,202200263,275.51,8.27,104.00,90.50,387.78,06/26/2025,284.48,4.27,30.00,0.00,318.75,905.08,11723
0323177014,2022,10/31/2022,202200277,234.04,12.29,104.00,90.50,350.33,06/26/2025,242.68,9.10,30.00,0.00,281.78,819.48,11723
0323362001,2022,10/31/2022,202200287,"10,559.52",554.37,104.00,90.50,11217.89,06/26/2025,10948.70,410.58,30.00,0.00,11389.28,26083.6,11723
0326106001,2022,10/31/2022,202200304,890.78,46.76,104.00,90.50,1041.54,06/26/2025,923.60,34.64,30.00,0.00,988.24,2426.35,11723
0327201003,2022,10/31/2022,202200315,58.51,1.76,104.00,90.50,164.27,06/26/2025,120.88,4.54,30.00,0.00,155.42,458.41,11723
0333227009,2021,11/1/2021,202100298,83.38,4.38,104.00,89.73,191.76,06/21/2024,172.04,6.45,50.00,0.00,228.49,688.44,11723
0501330008,2022,10/31/2022,202200349,25.46,1.33,104.00,90.50,130.79,06/26/2025,25.28,0.95,30.00,0.00,56.23,307.81,11723
0501381001,2022,10/31/2022,202200352,12.73,0.38,104.00,90.50,117.11,06/26/2025,0.00,0.00,0.00,0.00,0.00,228.69,11723
0501381011,2021,11/1/2021,202100316,25.46,1.33,104.00,89.73,130.79,06/21/2024,12.64,0.19,30.00,0.00,42.83,362.66,11723
0512231011,2021,11/1/2021,202100334,12.73,0.38,104.00,89.73,117.11,06/21/2024,25.37,0.38,50.00,0.00,75.75,379.95,11723
0525174067,2021,11/1/2021,202100351,747.78,39.26,104.00,89.73,891.04,06/21/2024,1492.86,55.98,50.00,0.00,1598.84,3508.18,11723
0526100044,2022,10/31/2022,202200378,26.30,1.38,104.00,90.50,131.68,06/26/2025,26.16,0.98,30.00,0.00,57.14,309.88,11723
0526199001,2021,11/1/2021,202100355,26.28,1.38,104.00,89.73,131.66,06/21/2024,52.46,1.97,50.00,0.00,104.43,438.83,11723
0526200018,2022,10/31/2022,202200379,26.30,1.38,104.00,90.50,131.68,06/26/2025,26.16,0.98,30.00,0.00,57.14,309.88,11723
0526275002,2021,11/1/2021,202100356,26.28,1.38,104.00,89.73,131.66,06/21/2024,52.46,1.97,50.00,0.00,104.43,438.83,11723
0526403014,2021,11/1/2021,202100357,26.28,1.38,104.00,89.73,131.66,06/21/2024,52.46,1.97,50.00,0.00,104.43,438.83,11723
0526404001,2021,11/1/2021,202100358,26.28,1.38,104.00,89.73,131.66,06/21/2024,52.46,1.97,50.00,0.00,104.43,438.83,11723
0526404017,2021,11/1/2021,202100359,26.28,1.38,104.00,89.73,131.66,06/21/2024,52.46,1.97,50.00,0.00,104.43,438.83,11723
0536364001,2022,10/31/2022,202200392,659.92,34.65,104.00,90.50,798.57,06/26/2025,656.62,24.62,30.00,0.00,711.24,1829.4,11723
0536388001,2022,10/31/2022,202200395,290.08,15.23,104.00,90.50,409.31,06/26/2025,288.64,10.82,30.00,0.00,329.46,942.49,11723
0536388014,2022,10/31/2022,202200396,"4,271.14",224.24,104.00,90.50,4599.38,06/26/2025,4250.02,159.38,30.00,0.00,4439.40,10489.9,11723
0601478012,2021,11/1/2021,202100369,298.42,22.38,104.00,89.73,424.8,06/21/2024,635.78,23.84,30.00,0.00,689.62,1592.76,11723
0608327005,2021,11/1/2021,202100386,66.44,3.49,104.00,89.73,173.93,06/21/2024,140.02,5.26,50.00,0.00,195.28,618.53,11723
0611403016,2022,10/31/2022,202200455,785.02,41.22,104.00,90.50,930.24,06/26/2025,816.04,30.60,30.00,0.00,876.64,2170.02,11723
0613102017,2022,10/31/2022,202200493,742.46,38.98,104.00,90.50,885.44,06/26/2025,771.82,28.94,30.00,0.00,830.76,2065.77,11723
0614433242,2021,11/1/2021,202100551,175.84,9.23,104.00,89.73,289.07,06/21/2024,367.52,13.78,50.00,0.00,431.30,1094.83,11723
0615177044,2022,10/31/2022,202200564,14.02,0.74,104.00,90.50,118.76,06/26/2025,14.58,0.55,30.00,0.00,45.13,281.19,11723
0619326062,2022,10/31/2022,202200595,32.14,1.69,104.00,90.50,137.83,06/26/2025,33.06,1.24,30.00,0.00,64.30,325.16,11723
0624177024,2022,10/31/2022,202200633,45.60,2.39,104.00,90.50,151.99,06/26/2025,47.44,1.78,30.00,0.00,79.22,358.58,11723
0624429002,2022,10/31/2022,202200654,448.85,13.47,104.00,90.50,566.32,06/26/2025,933.20,35.00,30.00,0.00,998.20,1876.74,11723
0624453008,2022,10/31/2022,202200658,350.18,18.38,104.00,90.50,472.56,06/26/2025,364.02,13.65,30.00,0.00,407.67,1104.71,11723
0624478009,2021,11/1/2021,202100641,300.06,15.75,104.00,89.73,419.81,06/21/2024,0.00,0.00,0.00,0.00,0.00,811.8,11723
0627430015,2022,10/31/2022,202200675,"14,764.72",775.15,104.00,90.50,15643.87,06/26/2025,15348.76,575.58,30.00,0.00,15954.34,36419.13,11723
0629226018,2022,10/31/2022,202200682,30.42,1.60,104.00,90.50,136.02,06/26/2025,31.66,1.19,30.00,0.00,62.85,321.39,11723
0731181001,2021,11/1/2021,202100720,0.00,1.05,104.00,89.73,125.05,06/21/2024,0.00,1.50,50.00,0.00,91.50,412.19,11723
0734300019,2022,10/31/2022,202200733,183.14,5.79,104.00,90.50,302.93,06/26/2025,380.16,15.00,30.00,0.00,445.16,946.54,11723
0827452006,2021,11/1/2021,202100758,525.66,27.59,104.00,89.73,657.25,06/21/2024,1075.92,40.35,50.00,0.00,1166.27,2594.36,11723
0902453008,2021,11/1/2021,202100767,212.06,11.13,104.00,89.73,327.19,06/21/2024,439.04,16.46,50.00,0.00,505.50,1247.61,11723
0909126007,2022,10/31/2022,202200810,621.59,18.65,104.00,90.50,744.24,06/26/2025,1315.66,49.34,30.00,0.00,1395.00,2531.1,11723
0910155001,2022,10/31/2022,202200817,296.42,15.57,104.00,90.50,415.99,06/26/2025,0.00,0.00,0.00,0.00,0.00,581.37,11723
0910380005,2022,10/31/2022,202200822,"1,013.28",53.20,104.00,90.50,1170.48,06/26/2025,1072.34,40.21,30.00,0.00,1142.55,2751.33,11723
0911128010,2022,10/31/2022,202200826,493.94,25.93,104.00,90.50,623.87,06/26/2025,522.76,19.60,30.00,0.00,572.36,1467.71,11723
0911128017,2022,10/31/2022,202200827,149.30,7.84,104.00,90.50,261.14,06/26/2025,158.04,5.93,30.00,0.00,193.97,615.9,11723
0911129012,2022,10/31/2022,202200828,320.06,16.80,104.00,90.50,440.86,06/26/2025,338.72,12.70,30.00,0.00,381.42,1037.9,11723
0911180021,2022,10/31/2022,202200833,533.30,28.00,104.00,90.50,665.3,06/26/2025,564.36,21.16,30.00,0.00,615.52,1564.93,11723
0911201003,2021,11/1/2021,202100808,214.01,6.42,104.00,89.73,324.43,06/21/2024,886.36,33.24,50.00,0.00,969.60,1789.71,11723
0911209003,2021,11/1/2021,202100810,106.00,5.57,104.00,89.73,215.57,06/21/2024,219.46,8.24,50.00,0.00,277.70,787.21,11723
0916400049,2021,11/1/2021,202100822,260.86,13.69,104.00,89.73,378.55,06/21/2024,536.94,20.14,50.00,0.00,607.08,1455.97,11723
0921201042,2022,10/31/2022,202200866,844.04,44.31,104.00,90.50,992.35,06/26/2025,893.28,33.50,30.00,0.00,956.78,2333.06,11723
0927470010,2021,11/1/2021,202100840,"2,053.58",107.81,104.00,89.73,2265.39,06/21/2024,4227.38,158.52,50.00,0.00,4435.90,9214.99,11723
0929227072,2022,10/31/2022,202200895,94.86,4.98,104.00,90.50,203.84,06/26/2025,98.50,3.70,30.00,0.00,132.20,479.09,11723
0930253004,2022,10/31/2022,202200899,404.46,21.24,104.00,90.50,529.7,06/26/2025,428.06,16.05,30.00,0.00,474.11,1246.55,11723
0933152004,2022,10/31/2022,202200904,28.72,1.51,104.00,90.50,134.23,06/26/2025,29.80,1.11,30.00,0.00,60.91,317.11,11723
1102376026,2021,11/1/2021,202100880,13.20,0.70,104.00,89.73,117.9,06/21/2024,27.46,1.03,50.00,0.00,78.49,384.52,11723
1113429008,2021,11/1/2021,202100893,349.88,18.37,104.00,89.73,472.25,06/21/2024,733.72,27.51,50.00,0.00,811.23,1857.97,11723
1202302004,2022,10/31/2022,202200954,913.46,47.95,104.00,90.50,1065.41,06/26/2025,939.24,35.22,30.00,0.00,1004.46,2472.68,11723
1202302005,2022,10/31/2022,202200955,304.46,15.99,104.00,90.50,424.45,06/26/2025,313.02,11.74,30.00,0.00,354.76,988.68,11723
1215479006,2021,11/1/2021,202100963,599.77,17.99,104.00,89.73,721.76,06/21/2024,2504.36,93.91,50.00,0.00,2648.27,4452.56,11723
1220301002,2021,11/1/2021,202100968,13.42,0.70,104.00,89.73,118.12,06/21/2024,27.98,1.05,50.00,0.00,79.03,385.52,11723
1220380001,2021,11/1/2021,202100972,13.42,0.70,104.00,89.73,118.12,06/21/2024,27.98,1.05,50.00,0.00,79.03,385.52,11723
1412277002,2021,11/1/2021,202101042,14.38,0.76,104.00,89.73,119.14,06/21/2024,28.92,1.09,50.00,0.00,80.01,388.45,11723
1413229001,2021,11/1/2021,202101046,100.37,3.01,104.00,89.73,207.38,06/21/2024,404.84,15.17,50.00,0.00,470.01,1000.19,11723
1416276015,2022,10/31/2022,202201079,15.04,0.79,104.00,90.50,119.83,06/26/2025,15.56,0.59,30.00,0.00,46.15,283.59,11723
1420148001,2022,10/31/2022,202201082,0.00,0.23,104.00,90.50,111.73,06/26/2025,0.00,0.56,30.00,0.00,45.56,273.37,11723
1420149001,2022,10/31/2022,202201083,0.00,0.23,104.00,90.50,111.73,06/26/2025,0.00,0.56,30.00,0.00,45.56,273.37,11723
1420184001,2022,10/31/2022,202201084,0.00,0.23,104.00,90.50,111.73,06/26/2025,0.00,0.56,30.00,0.00,45.56,273.37,11723
1420186001,2022,10/31/2022,202201085,0.00,0.23,104.00,90.50,111.73,06/26/2025,0.00,0.56,30.00,0.00,45.56,273.37,11723
1420205001,2022,10/31/2022,202201086,0.00,0.23,104.00,90.50,111.73,06/26/2025,0.00,0.56,30.00,0.00,45.56,273.37,11723
1420205010,2022,10/31/2022,202201087,0.00,0.23,104.00,90.50,111.73,06/26/2025,0.00,0.56,30.00,0.00,45.56,273.37,11723
1420210008,2022,10/31/2022,202201088,0.00,0.23,104.00,90.50,111.73,06/26/2025,0.00,0.56,30.00,0.00,45.56,273.37,11723
1420235001,2022,10/31/2022,202201089,0.00,0.23,104.00,90.50,111.73,06/26/2025,0.00,0.56,30.00,0.00,45.56,273.37,11723
1420236001,2022,10/31/2022,202201090,0.00,0.23,104.00,90.50,111.73,06/26/2025,0.00,0.56,30.00,0.00,45.56,273.37,11723
1420250001,2022,10/31/2022,202201091,0.00,0.23,104.00,90.50,111.73,06/26/2025,0.00,0.56,30.00,0.00,45.56,273.37,11723
1420275001,2022,10/31/2022,202201092,0.00,0.23,104.00,90.50,111.73,06/26/2025,0.00,0.56,30.00,0.00,45.56,273.37,11723
1420275002,2022,10/31/2022,202201093,0.00,0.23,104.00,90.50,111.73,06/26/2025,0.00,0.56,30.00,0.00,45.56,273.37,11723
1420276004,2022,10/31/2022,202201094,0.00,0.23,104.00,90.50,111.73,06/26/2025,0.00,0.56,30.00,0.00,45.56,273.37,11723
1420277001,2022,10/31/2022,202201095,0.00,0.23,104.00,90.50,111.73,06/26/2025,0.00,0.56,30.00,0.00,45.56,273.37,11723
1420278001,2022,10/31/2022,202201096,0.00,0.23,104.00,90.50,111.73,06/26/2025,0.00,0.56,30.00,0.00,45.56,273.37,11723
1420279001,2022,10/31/2022,202201097,0.00,0.23,104.00,90.50,111.73,06/26/2025,0.00,0.56,30.00,0.00,45.56,273.37,11723
1420280001,2022,10/31/2022,202201098,0.00,0.23,104.00,90.50,111.73,06/26/2025,0.00,0.56,30.00,0.00,45.56,273.37,11723
1421181016,2022,10/31/2022,202201100,919.66,48.28,104.00,90.50,1071.94,06/26/2025,951.52,35.69,30.00,0.00,1017.21,2494.67,11723
1424427055,2021,11/1/2021,202101061,97.50,5.12,104.00,89.73,206.62,06/21/2024,196.94,7.38,50.00,0.00,254.32,744.49,11723
1511252021,2022,10/31/2022,202201175,452.22,13.57,104.00,90.50,569.79,06/26/2025,0.00,0.00,0.00,0.00,0.00,762.85,11723
1511376007,2022,10/31/2022,202201183,"1,152.58",60.51,104.00,90.50,1317.09,06/26/2025,1165.12,43.69,30.00,0.00,1238.81,3032.14,11723
1514107024,2022,10/31/2022,202201211,17.12,0.90,104.00,90.50,122.02,06/26/2025,17.32,0.65,30.00,0.00,47.97,288.21,11723
1514228137,2022,10/31/2022,202201216,223.94,11.76,104.00,90.50,339.7,06/26/2025,226.42,8.49,30.00,0.00,264.91,788.05,11723
1514356014,2022,10/31/2022,202201231,469.94,24.67,104.00,90.50,598.61,06/26/2025,475.02,17.81,30.00,0.00,522.83,1382.43,11723
1514402022,2021,11/1/2021,202101177,570.60,29.96,104.00,89.73,704.56,06/21/2024,1199.18,44.96,50.00,0.00,1294.14,2827.65,11723
1515276016,2022,10/31/2022,202201247,897.08,47.10,104.00,90.50,1048.18,06/26/2025,906.80,34.00,30.00,0.00,970.80,2414.65,11723
1515453001,2022,10/31/2022,202201260,"13,753.76",722.08,104.00,90.50,14579.84,06/26/2025,13903.40,521.38,30.00,0.00,14454.78,33484.06,11723
1515453002,2022,10/31/2022,202201261,"2,832.90",148.72,104.00,90.50,3085.62,06/26/2025,2863.70,107.39,30.00,0.00,3001.09,7092.75,11723
1516379010,2022,10/31/2022,202201281,192.37,5.77,104.00,90.50,302.14,06/26/2025,400.38,15.01,30.00,0.00,445.39,945.87,11723
1516401008,2021,11/1/2021,202101225,365.94,19.21,104.00,89.73,489.15,06/21/2024,592.35,17.88,50.00,0.00,660.23,1696.34,11723
1516401009,2021,11/1/2021,202101226,365.94,19.21,104.00,89.73,489.15,06/21/2024,592.35,17.88,50.00,0.00,660.23,1696.34,11723
1516402007,2022,10/31/2022,202201282,180.22,5.41,104.00,90.50,289.63,06/26/2025,375.06,14.06,30.00,0.00,419.12,901.67,11723
1516406001,2021,11/1/2021,202101231,731.62,38.41,104.00,89.73,874.03,06/21/2024,1184.33,35.77,50.00,0.00,1270.10,3064.79,11723
1516407018,2021,11/1/2021,202101235,525.00,27.57,104.00,89.73,656.57,06/21/2024,1125.72,42.22,50.00,0.00,1217.94,2654.2,11723
1516452058,2021,11/1/2021,202101244,87.54,4.59,104.00,89.73,196.13,06/21/2024,187.78,7.04,50.00,0.00,244.82,715.12,11723
1521285010,2021,11/1/2021,202101323,37.74,1.99,104.00,89.73,143.73,06/21/2024,80.92,3.04,50.00,0.00,133.96,494.33,11723
1521426064,2022,10/31/2022,202201388,"3,791.70",199.07,104.00,90.50,4094.77,06/26/2025,4161.78,156.06,30.00,0.00,4347.84,9791.91,11723
1521429033,2021,11/1/2021,202101329,199.32,10.46,104.00,89.73,313.78,06/21/2024,427.36,16.02,50.00,0.00,493.38,1210.48,11723
1523105011,2022,10/31/2022,202201442,361.28,18.97,104.00,90.50,484.25,06/26/2025,0.00,0.00,0.00,0.00,0.00,661.92,11723
1523152017,2022,10/31/2022,202201444,366.60,19.25,104.00,90.50,489.85,06/26/2025,370.56,13.90,30.00,0.00,414.46,1132.72,11723
1523330023,2022,10/31/2022,202201484,422.38,22.18,104.00,90.50,548.56,06/26/2025,427.00,16.01,30.00,0.00,473.01,1267.57,11723
1524151014,2022,10/31/2022,202201513,135.54,7.11,104.00,90.50,246.65,06/26/2025,136.22,5.11,30.00,0.00,171.33,573.44,11723
1524152032,2022,10/31/2022,202201517,437.27,13.12,104.00,90.50,554.39,06/26/2025,884.08,33.15,30.00,0.00,947.23,1805.58,11723
1524354010,2022,10/31/2022,202201528,165.18,8.67,104.00,90.50,277.85,06/26/2025,167.00,6.26,30.00,0.00,203.26,646.01,11723
1524379002,2022,10/31/2022,202201533,592.48,31.11,104.00,90.50,727.59,06/26/2025,598.94,22.46,30.00,0.00,651.40,1678.63,11723
1524379003,2022,10/31/2022,202201534,555.58,29.16,104.00,90.50,688.74,06/26/2025,561.64,21.06,30.00,0.00,612.70,1589.43,11723
1524379004,2022,10/31/2022,202201535,592.48,31.11,104.00,90.50,727.59,06/26/2025,598.94,22.46,30.00,0.00,651.40,1678.63,11723
1524379016,2021,11/1/2021,202101449,257.98,13.54,104.00,89.73,375.52,06/21/2024,542.18,20.33,50.00,0.00,612.51,1457.6,11723
1524379017,2021,11/1/2021,202101450,257.98,13.54,104.00,89.73,375.52,06/21/2024,542.18,20.33,50.00,0.00,612.51,1457.6,11723
1524379018,2021,11/1/2021,202101451,257.98,13.54,104.00,89.73,375.52,06/21/2024,542.18,20.33,50.00,0.00,612.51,1457.6,11723
1524379019,2021,11/1/2021,202101452,257.98,13.54,104.00,89.73,375.52,06/21/2024,542.18,20.33,50.00,0.00,612.51,1457.6,11723
1524379020,2021,11/1/2021,202101453,257.98,13.54,104.00,89.73,375.52,06/21/2024,542.18,20.33,50.00,0.00,612.51,1457.6,11723
1524379021,2021,11/1/2021,202101454,257.98,13.54,104.00,89.73,375.52,06/21/2024,542.18,20.33,50.00,0.00,612.51,1457.6,11723
1524379022,2021,11/1/2021,202101455,257.98,13.54,104.00,89.73,375.52,06/21/2024,542.18,20.33,50.00,0.00,612.51,1457.6,11723
1524379038,2022,10/31/2022,202201537,296.20,15.55,104.00,90.50,415.75,06/26/2025,299.44,11.23,30.00,0.00,340.67,962.64,11723
1525405029,2022,10/31/2022,202201554,"1,318.32",69.21,104.00,90.50,1491.53,06/26/2025,1332.66,49.97,30.00,0.00,1412.63,3432.66,11723
1526277017,2022,10/31/2022,202201583,464.38,24.38,104.00,90.50,592.76,06/26/2025,466.78,17.50,30.00,0.00,514.28,1365.95,11723
1526402015,2022,10/31/2022,202201590,198.98,10.44,104.00,90.50,313.42,06/26/2025,200.00,7.50,30.00,0.00,237.50,726.34,11723
1526433004,2022,10/31/2022,202201597,119.46,3.58,104.00,90.50,227.04,06/26/2025,240.14,9.00,30.00,0.00,279.14,671.05,11723
1527134055,2022,10/31/2022,202201617,13.00,0.69,104.00,90.50,117.69,06/26/2025,13.14,0.49,30.00,0.00,43.63,278.24,11723
1527232007,2022,10/31/2022,202201630,99.95,3.00,104.00,90.50,206.95,06/26/2025,0.00,0.00,0.00,0.00,0.00,334.7,11723
1527451030,2022,10/31/2022,202201664,77.34,2.32,104.00,90.50,183.66,06/26/2025,78.18,1.17,30.00,0.00,109.35,429.69,11723
1528328029,2021,11/1/2021,202101562,418.94,21.99,104.00,89.73,544.93,06/21/2024,898.30,33.69,50.00,0.00,981.99,2184.04,11723
1528329005,2022,10/31/2022,202201686,440.20,23.11,104.00,90.50,567.31,06/26/2025,0.00,0.00,0.00,0.00,0.00,759.93,11723
1528379005,2021,11/1/2021,202101572,629.02,33.03,104.00,89.73,766.05,06/21/2024,1348.72,50.58,50.00,0.00,1449.30,3115.24,11723
1528380019,2022,10/31/2022,202201698,220.10,6.60,104.00,90.50,330.7,06/26/2025,229.05,3.44,30.00,0.00,262.49,774.72,11723
1528479014,2021,11/1/2021,202101576,184.80,9.70,104.00,89.73,298.5,06/21/2024,388.32,14.56,50.00,0.00,452.88,1136.82,11723
1529277022,2021,11/1/2021,202101583,123.84,6.50,104.00,89.73,234.34,06/21/2024,265.54,9.97,50.00,0.00,325.51,875.95,11723
1532426008,2022,10/31/2022,202201725,654.76,34.37,104.00,90.50,793.13,06/26/2025,0.00,0.00,0.00,0.00,0.00,1026.39,11723
1534253031,2022,10/31/2022,202201752,93.36,4.90,104.00,90.50,202.26,06/26/2025,93.86,3.52,30.00,0.00,127.38,471.84,11723
1534259005,2022,10/31/2022,202201754,382.32,11.47,104.00,90.50,497.79,06/26/2025,0.00,0.00,0.00,0.00,0.00,677.89,11723
1534410018,2022,10/31/2022,202201773,342.50,17.98,104.00,90.50,464.48,06/26/2025,344.28,12.91,30.00,0.00,387.19,1072.24,11723
1535153023,2022,10/31/2022,202201778,732.68,38.47,104.00,90.50,875.15,06/26/2025,0.00,0.00,0.00,0.00,0.00,1123.18,11723
0303251020,2022,10/31/2022,202200154,48.92,2.56,104.00,90.22,155.48,10/31/2024,0.00,0.00,0.00,0.00,0.00,273.69,11723
0614237017,2021,11/1/2021,202100525,160.16,8.41,104.00,89.73,272.57,06/21/2024,164.08,6.15,30.00,0.00,200.23,806.84,11723
0113200003,2022,10/31/2022,202200014,3329.78,174.82,136.00,90.50,3640.6,05/07/2025,3496.28,131.11,30.00,0.00,3657.39,7827.38,11723
0127106002,2022,10/31/2022,202200024,3617.92,189.94,104.00,90.50,3911.86,05/07/2025,3888.90,145.84,30.00,0.00,4064.74,8554.87,11723
0128226012,2022,10/31/2022,202200027,2231.19,66.94,104.00,90.50,2402.13,05/07/2025,4710.68,176.65,30.00,0.00,4917.33,8000.04,11723
0208280005,2022,10/31/2022,202200064,7982.62,419.09,104.00,90.50,8505.71,05/07/2025,8239.56,308.99,30.00,0.00,8578.55,18204.19,11723
0214427020,2022,10/31/2022,202200074,7286.22,382.52,104.00,90.50,7772.74,05/07/2025,7482.96,280.61,30.00,0.00,7793.57,16592.04,11723
0229374038,2022,10/31/2022,202200102,1972.42,78.09,104.00,90.50,2785.01,05/07/2025,0.00,0.00,0.00,0.00,0.00,2875.51,11723
0311228019,2022,10/31/2022,202200177,2767.97,83.04,104.00,90.50,2955.01,05/07/2025,0.00,0.00,0.00,0.00,0.00,3045.51,11723
0311254010,2022,10/31/2022,202200179,3634.44,190.81,104.00,90.50,3929.25,05/07/2025,1275.22,47.82,30.00,0.00,1353.04,5535.15,11723
0316226013,2022,10/31/2022,202200241,39881.06,1196.43,104.00,90.50,41181.49,05/07/2025,40600.66,609.01,30.00,0.00,41239.67,87460.42,11723
0323277028,2021,11/1/2021,202100262,6637.44,348.46,104.00,89.73,7089.9,05/07/2024,13813.30,518.00,60.00,0.00,14391.30,23297.89,11723
0329403016,2022,10/31/2022,202200322,10107.22,530.63,104.00,90.50,10741.85,05/07/2025,10423.34,390.88,30.00,0.00,10844.22,22977.88,11723
0609454022,2022,10/31/2022,202200426,6736.34,353.66,104.00,90.50,7194.0,05/07/2025,7039.06,263.96,30.00,0.00,7333.02,15497.48,11723
0610331020,2021,11/1/2021,202100399,20790.22,1091.48,104.00,89.73,21985.7,05/07/2024,43449.66,1629.37,60.00,0.00,45139.03,72631.15,11723
0610406003,2022,10/31/2022,202200443,3407.48,178.89,104.00,90.50,3690.37,05/07/2025,3578.50,134.20,30.00,0.00,3742.70,7972.69,11723
0612205001,2021,11/1/2021,202100450,5366.14,281.72,104.00,89.73,5751.86,05/07/2024,11214.72,420.55,60.00,0.00,11695.27,18940.29,11723
0623126006,2022,10/31/2022,202200621,4466.56,234.50,104.00,90.50,4805.06,05/07/2025,4643.22,174.12,30.00,0.00,4847.34,10324.58,11723
0624453006,2022,10/31/2022,202200657,2952.56,155.01,104.00,90.50,3211.57,05/07/2025,3069.32,115.10,30.00,0.00,3214.42,6902.22,11723
0713200009,2021,11/1/2021,202100709,1995.14,108.37,104.00,89.73,2276.55,05/07/2024,4227.74,163.72,60.00,0.00,4589.54,7506.56,11723
0732200009,2022,10/31/2022,202200732,19059.18,1003.63,104.00,90.50,20224.35,05/07/2025,19383.78,729.05,30.00,0.00,20200.37,42939.26,11723
0812352003,2021,11/1/2021,202100732,12490.02,655.73,104.00,89.73,13249.75,05/07/2024,25846.82,969.26,60.00,0.00,26876.08,43440.69,11723
0906353013,2022,10/31/2022,202200803,11132.98,584.48,104.00,90.50,11821.46,05/07/2025,5902.26,88.53,30.00,0.00,6020.79,18655.24,11723
0911205016,2022,10/31/2022,202200834,2859.88,150.15,104.00,90.50,3114.03,05/07/2025,0.00,0.00,0.00,0.00,0.00,3204.53,11723
0923460006,2022,10/31/2022,202200871,1476.81,44.30,104.00,90.50,1625.11,05/07/2025,0.00,0.00,0.00,0.00,0.00,1715.61,11723
0928351038,2022,10/31/2022,202200893,18454.92,968.88,104.00,90.50,19527.8,05/07/2025,19167.36,718.78,30.00,0.00,19916.14,41924.38,11723
0935249031,2021,11/1/2021,202100867,3385.86,177.76,104.00,89.73,3667.62,05/07/2024,3419.06,128.21,30.00,0.00,3577.27,7763.89,11723
1203257009,2021,11/1/2021,202100928,5518.70,289.73,104.00,89.73,5912.43,05/07/2024,11313.64,424.27,60.00,0.00,11797.91,19215.82,11723
1510352052,2022,10/31/2022,202201171,7430.78,390.11,104.00,90.50,7924.89,05/07/2025,7732.96,289.99,30.00,0.00,8052.95,17034.69,11723
1512253013,2022,10/31/2022,202201195,2368.61,71.06,164.00,90.50,2603.67,05/07/2025,2166.48,32.50,30.00,0.00,2228.98,5190.63,11723
1516352006,2022,10/31/2022,202201276,627.62,18.83,104.00,90.50,750.45,05/07/2024,0.00,0.00,0.00,0.00,0.00,840.95,11723
1517111005,2021,11/1/2021,202101251,2370.55,71.12,104.00,89.73,2545.67,05/07/2025,2591.98,38.88,30.00,0.00,2660.86,5615.56,11723
1517256024,2021,11/1/2021,202101255,1874.66,98.42,104.00,89.73,2077.08,05/07/2025,1161.91,17.43,30.00,0.00,1209.34,3521.27,11723
1518228003,2022,10/31/2022,202201329,4340.22,227.86,104.00,90.50,4672.08,05/07/2025,2741.18,41.12,30.00,0.00,2812.30,7912.36,11723
1519201025,2022,10/31/2022,202201339,33455.33,1003.66,104.00,90.50,34562.99,05/07/2025,64827.76,2431.04,30.00,0.00,67288.80,110016.95,11723
1520328002,2022,10/31/2022,202201357,7668.60,402.60,104.00,90.50,8175.2,05/07/2025,8019.76,300.74,30.00,0.00,8350.50,17618.26,11723
1521426066,2022,10/31/2022,202201389,8502.04,446.36,104.00,90.50,9052.4,05/07/2025,8840.96,331.54,30.00,0.00,9202.50,19449.7,11723
1521452054,2022,10/31/2022,202201391,931.82,48.92,104.00,90.50,1084.74,05/07/2025,3013.64,113.01,30.00,0.00,3156.65,4710.69,11723
1523278016,2022,10/31/2022,202201463,1589.49,47.68,104.00,90.50,1741.17,05/07/2025,3247.30,121.77,30.00,0.00,3399.07,5638.63,11723
1523481025,2022,10/31/2022,202201507,2363.70,124.10,104.00,90.50,2591.8,05/07/2024,2423.18,90.87,30.00,0.00,2544.05,5531.64,11723
1524105029,2022,10/31/2022,202201510,1501.00,45.03,104.00,90.50,1650.03,05/07/2024,0.00,0.00,0.00,0.00,0.00,1740.53,11723
1524152012,2022,10/31/2022,202201514,299.44,15.72,104.00,90.50,419.16,05/07/2025,3598.26,134.94,30.00,0.00,3763.20,4724.44,11723
1526206003,2022,10/31/2022,202201576,2003.94,105.21,104.00,90.50,2213.15,05/07/2025,2041.08,76.54,30.00,0.00,2147.62,4708.98,11723
1526477011,2022,10/31/2022,202201600,1779.04,93.40,104.00,90.50,1976.44,05/07/2025,894.13,13.41,30.00,0.00,937.54,3116.98,11723
1527109016,2022,10/31/2022,202201608,2680.16,140.71,104.00,90.50,2924.87,05/07/2025,2709.30,101.60,30.00,0.00,2840.90,6197.18,11723
1527151008,2022,10/31/2022,202201619,2955.12,155.15,104.00,90.50,3214.27,05/07/2025,3021.04,113.29,30.00,0.00,3164.33,6848.82,11723
1527228010,2022,10/31/2022,202201627,3581.82,188.05,104.00,90.50,3873.87,05/07/2025,3654.62,137.05,30.00,0.00,3821.67,8244.64,11723
1527280039,2022,10/31/2022,202201636,4215.96,221.34,104.00,90.50,4541.3,05/07/2025,4261.84,159.82,30.00,0.00,4451.66,9617.66,11723
1527301031,2022,10/31/2022,202201641,4147.10,217.73,104.00,90.50,4468.83,05/07/2025,4192.18,157.21,30.00,0.00,4379.39,9464.25,11723
1527401054,2022,10/31/2022,202201654,2028.98,60.87,104.00,90.50,2193.85,05/07/2025,4102.14,153.83,30.00,0.00,4285.97,7084.64,11723
1527453016,2022,10/31/2022,202201666,4447.80,233.51,104.00,90.50,4785.31,05/07/2025,4496.24,168.61,30.00,0.00,4694.85,10134.04,11723
1530181007,2021,11/1/2021,202101587,5958.46,312.82,104.00,89.73,6375.28,05/07/2025,12963.80,486.14,60.00,0.00,13509.94,21596.14,11723
1534407030,2021,11/1/2021,202101631,1409.64,42.29,104.00,89.73,1555.93,05/07/2025,0.00,0.00,0.00,0.00,0.00,1645.66,11723
0223403014,2021,11/1/2021,202100086,424.37,12.73,104.00,89.73,541.1,05/07/2025,861.34,32.30,30.00,0.00,923.64,1665.31,11723
0224479012,2022,10/31/2022,202200090,8702.42,456.88,104.00,90.50,9263.3,05/07/2025,0.00,0.00,0.00,0.00,0.00,9353.8,11723
0236274006,2022,10/31/2022,202200116,4967.04,303.04,104.00,90.50,6179.32,05/07/2025,0.00,0.00,0.00,0.00,0.00,6269.82,11723
0314352119,2022,10/31/2022,202200232,5161.90,271.00,104.00,90.50,5536.9,05/07/2025,0.00,0.00,0.00,0.00,0.00,5627.4,11723
0613378018,2022,10/31/2022,202200522,5409.60,284.00,104.00,90.50,5797.6,05/07/2025,0.00,0.00,0.00,0.00,0.00,5888.1,11723
0614455010,2022,10/31/2022,202200562,2558.40,134.32,104.00,90.50,2796.72,05/07/2025,0.00,0.00,0.00,0.00,0.00,2887.22,11723
0630276036,2021,11/1/2021,202100674,"7,970.60",418.46,104.00,89.73,8493.06,05/07/2024,8215.08,308.06,30.00,0.00,8553.14,18162.31,11723
0902105063,2022,10/31/2022,202200788,"1,617.93",48.54,104.00,90.50,1770.47,05/07/2024,0.00,0.00,0.00,0.00,0.00,1860.97,11723
0905100006,2021,11/1/2021,202100772,"1,664.12",87.36,104.00,89.73,1855.48,05/15/2024,1671.16,62.66,30.00,0.00,1763.82,3920.69,11723
0918176002,2021,11/1/2021,202100823,355.14,18.65,104.00,89.73,477.79,05/09/2025,357.30,13.40,30.00,0.00,400.70,1016.3,11723
0932109001,2021,11/1/2021,202100851,"4,500.05",135.00,104.00,89.73,4739.05,05/09/2025,9097.58,341.16,30.00,0.00,9468.74,15433.77,11723
1208403018,2022,10/31/2022,202200972,"4,260.72",127.82,104.00,90.50,4492.54,05/09/2025,0.00,0.00,0.00,0.00,0.00,4583.04,11723
1221405006,2022,10/31/2022,202201007,"5,253.88",275.83,104.00,90.50,5633.71,05/09/2025,0.00,0.00,0.00,0.00,0.00,5724.21,11723
1236401036,2022,10/31/2022,202201047,5410.50,162.32,104.00,90.50,5676.82,05/09/2025,0.00,0.00,0.00,0.00,0.00,5767.32,11723
1416228070,2022,10/31/2022,202201078,2954.51,88.64,104.00,90.50,3147.15,05/15/2024,0.00,0.00,0.00,0.00,0.00,3237.65,11723
1515327032,2022,10/31/2022,202201249,2523.23,75.70,104.00,90.50,2702.93,05/09/2025,0.00,0.00,0.00,0.00,0.00,2793.43,11723
1516105035,2022,10/31/2022,202201264,1111.76,33.35,104.00,90.50,1249.11,05/15/2024,0.00,0.00,0.00,0.00,0.00,1339.61,11723
1516351025,2021,11/1/2021,202101220,5101.46,153.04,104.00,89.73,5358.5,05/15/2024,5360.07,80.40,30.00,0.00,5470.47,11575.16,11723
1516407004,2021,11/1/2021,202101232,9152.84,480.52,104.00,89.73,9737.36,05/15/2024,9616.84,360.64,30.00,0.00,10007.48,21035.47,11723
1516431020,2022,10/31/2022,202201288,5324.66,279.54,104.00,90.50,5708.2,05/09/2025,0.00,0.00,0.00,0.00,0.00,5798.7,11723
1517256042,2021,11/1/2021,202101256,1874.66,98.42,104.00,89.73,2077.08,05/09/2025,1969.70,73.86,30.00,0.00,2073.56,4489.2,11723
1520187002,2022,10/31/2022,202201350,1470.78,77.21,104.00,90.50,1651.99,05/09/2025,0.00,0.00,0.00,0.00,0.00,1742.49,11723
1521377032,2021,11/1/2021,202101327,9113.52,478.46,104.00,89.73,9695.98,05/09/2025,8625.62,323.46,30.00,0.00,8979.08,19842.28,11723
1522478027,2022,10/31/2022,202201434,3624.44,190.29,104.00,90.50,3918.73,05/09/2025,0.00,0.00,0.00,0.00,0.00,4009.23,11723
1523253018,2022,10/31/2022,202201459,2569.14,134.88,104.00,90.50,2808.02,05/09/2025,0.00,0.00,0.00,0.00,0.00,2898.52,11723
1526177020,2022,10/31/2022,202201566,2143.30,112.52,104.00,90.50,2359.82,05/15/2024,0.00,0.00,0.00,0.00,0.00,2450.32,11723
1526228001,2022,10/31/2022,202201578,2686.60,141.05,104.00,90.50,2931.65,05/15/2024,0.00,0.00,0.00,0.00,0.00,3022.15,11723
1526480002,2022,10/31/2022,202201602,1701.12,89.31,104.00,90.50,1894.43,05/09/2025,0.00,0.00,0.00,0.00,0.00,1984.93,11723
1527210004,2022,10/31/2022,202201626,2324.45,69.73,104.00,90.50,2498.18,05/15/2024,0.00,0.00,0.00,0.00,0.00,2588.68,11723
1527277003,2021,11/1/2021,202101521,1888.11,56.64,104.00,89.73,2048.75,05/09/2025,0.00,0.00,0.00,0.00,0.00,2138.48,11723
1527351030,2022,10/31/2022,202201648,3400.74,178.54,104.00,90.50,3683.28,05/15/2024,0.00,0.00,0.00,0.00,0.00,3773.78,11723
1533278026,2022,10/31/2022,202201733,2521.20,132.37,104.00,90.50,2757.57,05/09/2025,0.00,0.00,0.00,0.00,0.00,2848.07,11723
1534258022,2021,11/1/2021,202101617,2253.62,118.31,104.00,89.73,2475.93,05/09/2025,2236.74,83.88,30.00,0.00,2350.62,5198.35,11723
0612303020,2020,2/1/2021,202000222,4274.40,416.75,104.00,1711.90,4795.15,05/09/2025,4667.68,35.01,30.00,0.00,4732.69,11807.66,11723
0316226012,2022,10/31/2022,202200240,3119.72,93.59,104.00,90.22,3317.31,05/09/2025,3176.02,47.64,30.00,0.00,3253.66,7051.63,11723
0320453003,2022,10/31/2022,202200252,9488.04,498.12,104.00,90.22,10090.16,05/09/2025,9811.76,367.94,30.00,0.00,10209.70,21615.24,11723
0322351012,2022,10/31/2022,202200265,20146.22,1057.67,104.00,90.22,21307.89,05/09/2025,20803.20,780.12,30.00,0.00,21613.32,45605.03,11723
0327131003,2022,10/31/2022,202200313,38373.56,2014.61,104.00,90.22,40492.17,05/15/2024,39624.86,1485.94,30.00,0.00,41140.80,89089.62,11723
0327131004,2022,10/31/2022,202200314,12203.98,640.71,104.00,90.22,12948.69,05/09/2025,12601.94,472.57,30.00,0.00,13104.51,27715.96,11723
0605427006,2022,10/31/2022,202200414,6829.04,358.53,104.00,90.22,7291.57,05/09/2025,7099.22,266.22,30.00,0.00,7395.44,15664.68,11723
0612376025,2022,10/31/2022,202200478,2052.13,61.56,104.00,90.22,2217.69,05/15/2024,4332.96,162.49,30.00,0.00,4525.45,7376.41,11723
0613129006,2022,10/31/2022,202200495,2008.10,60.24,104.00,90.22,2172.34,11/01/2023,2105.61,31.58,30.00,0.00,2167.19,4689.81,11723
0613403004,2021,11/1/2021,202100506,2478.91,74.37,104.00,89.73,2657.28,05/01/2025,10916.08,409.35,60.00,0.00,11385.43,15498.69,11723
0620480006,2022,10/31/2022,202200603,9476.06,497.49,104.00,90.22,10077.55,05/01/2025,9835.54,368.84,30.00,0.00,10234.38,21630.28,11723
0624151014,2022,10/31/2022,202200632,4965.92,260.71,104.00,90.22,5330.63,05/01/2025,5228.78,196.08,30.00,0.00,5454.86,11530.29,11723
0810405012,2022,10/31/2022,202200743,6604.76,346.75,104.00,90.22,7055.51,05/01/2025,7038.24,263.94,30.00,0.00,7332.18,15357.77,11723
0916102001,2022,10/31/2022,202200854,7309.59,219.29,104.00,90.22,7632.88,05/01/2025,15493.96,581.02,30.00,0.00,16104.98,25760.68,11723
0918328002,2021,11/1/2021,202100824,460.74,24.19,104.00,89.73,588.93,05/01/2025,954.08,35.79,60.00,0.00,1049.87,1854.51,11723
1411303016,2022,10/31/2022,202201072,5392.16,283.09,104.00,90.22,5779.25,05/01/2025,5703.88,213.90,30.00,0.00,5947.78,12530.98,11723
1509176010,2022,10/31/2022,202201164,5124.86,269.05,104.00,90.22,5497.91,05/01/2025,2686.30,40.29,30.00,0.00,2756.59,8675.51,11723
1513229034,2022,10/31/2022,202201208,2860.26,85.81,104.00,90.22,3050.07,05/03/2024,5816.50,218.12,30.00,0.00,6064.62,9932.66,11723
1514154023,2022,10/31/2022,202201212,2842.10,149.21,104.00,90.22,3095.31,05/01/2025,2906.78,109.00,30.00,0.00,3045.78,6596.8,11723
1514327034,2022,10/31/2022,202201227,3456.94,181.49,104.00,90.22,3742.43,05/01/2025,3494.54,131.05,30.00,0.00,3655.59,7926.91,11723
1515451030,2022,10/31/2022,202201259,13547.82,711.26,104.00,90.22,14363.08,05/01/2025,13695.22,513.57,30.00,0.00,14238.79,30400.74,11723
1522380003,2022,10/31/2022,202201417,4039.74,212.09,104.00,90.22,4355.83,05/01/2025,4111.82,154.19,30.00,0.00,4296.01,9257.58,11723
1523156014,2022,10/31/2022,202201446,2664.16,139.87,104.00,90.22,2908.03,05/03/2024,2726.94,102.26,30.00,0.00,2859.20,6200.55,11723
1523329024,2022,10/31/2022,202201483,3487.78,183.11,104.00,90.22,3774.89,05/01/2025,3525.70,132.21,30.00,0.00,3687.91,7995.57,11723
1523453055,2021,11/1/2021,202101411,2717.38,142.66,104.00,89.73,2964.04,05/01/2025,5710.76,214.16,60.00,0.00,5984.92,9756.88,11723
1524251005,2022,10/31/2022,202201522,2025.34,106.33,104.00,90.22,2235.67,05/01/2025,2062.62,77.35,30.00,0.00,2169.97,4756.26,11723
1525300116,2021,11/1/2021,202101465,3876.66,203.52,104.00,89.73,4184.18,05/01/2025,8097.56,303.66,60.00,0.00,8461.22,13750.48,11723
1525457027,2021,11/1/2021,202101473,2971.61,89.15,104.00,89.73,3164.76,05/01/2025,0.00,0.00,0.00,0.00,0.00,3254.49,11723
1526106011,2022,10/31/2022,202201558,2819.50,148.02,104.00,90.22,3071.52,05/01/2025,2883.90,108.15,30.00,0.00,3022.05,6546.44,11723
1526301004,2022,10/31/2022,202201584,3054.90,160.38,104.00,90.22,3319.28,05/01/2025,3088.14,115.80,30.00,0.00,3233.94,7031.51,11723
1526426016,2021,11/1/2021,202101495,965.81,28.97,104.00,89.73,1098.78,05/01/2025,4034.76,151.30,60.00,0.00,4246.06,5944.09,11723
1527130008,2022,10/31/2022,202201609,2247.07,67.41,104.00,90.22,2418.48,05/01/2025,4543.04,170.36,30.00,0.00,4743.40,7821.31,11723
1528426005,2021,11/1/2021,202101573,1366.14,71.72,104.00,89.73,1541.86,05/03/2024,757.28,11.36,30.00,0.00,798.64,2526.07,11723
1534253031,2021,11/1/2021,202101613,167.78,8.81,104.00,89.73,280.59,05/01/2025,0.00,0.00,0.00,0.00,0.00,403.99,11723
0122352002,2022,10/31/2022,202200020,3563.56,187.08,104.00,90.22,3854.64,05/03/2024,0.00,0.00,0.00,0.00,0.00,3944.86,11723
0205277003,2021,11/1/2021,202100049,12315.84,646.58,104.00,89.73,13066.42,05/03/2024,25201.98,945.07,60.00,0.00,26207.05,44060.93,11723
0208101092,2022,10/31/2022,202200061,2600.38,78.01,104.00,90.22,2782.39,05/01/2025,0.00,0.00,0.00,0.00,0.00,2872.61,11723
0311229029,2021,11/1/2021,202100183,782.66,23.48,104.00,89.73,910.14,05/01/2025,0.00,0.00,0.00,0.00,0.00,999.87,11723
0323406011,2021,11/1/2021,202100264,832.32,43.69,104.00,89.73,980.01,05/03/2024,1732.16,64.95,60.00,0.00,1857.11,3690.38,11723
0326106002,2022,10/31/2022,202200305,4958.36,260.32,104.00,90.22,5322.68,05/01/2025,5141.14,192.79,30.00,0.00,5363.93,11420.5,11723
0509100017,2022,10/31/2022,202200356,3557.31,106.78,104.00,90.22,3769.97,05/03/2024,3588.49,53.86,30.00,0.00,3674.23,7975.33,11723
0603478011,2022,10/31/2022,202200409,3631.40,108.94,104.00,90.22,3844.34,05/03/2024,7550.12,283.13,30.00,0.00,7863.25,12741.4,11723
0604226009,2022,10/31/2022,202200411,5783.76,303.65,104.00,90.22,6191.41,11/01/2024,6078.90,227.96,30.00,0.00,6336.86,13378.91,11723
0610181063,2021,11/1/2021,202100395,869.08,45.63,104.00,89.73,1018.71,03/18/2024,0.00,0.00,0.00,0.00,0.00,1108.44,11723
0614330001,2021,11/1/2021,202100535,6324.60,332.04,104.00,89.73,6760.64,07/01/2025,13217.86,495.67,60.00,0.00,13773.53,23087.17,11723
0614358013,2022,10/31/2022,202200546,4329.52,227.30,104.00,90.22,4660.82,07/01/2024,4537.00,170.14,30.00,0.00,4737.14,10056.64,11723
0614406009,2021,11/1/2021,202100541,3650.42,191.65,104.00,89.73,3946.07,11/02/2023,7629.00,286.08,60.00,0.00,7975.08,13437.18,11723
0623136015,2021,11/1/2021,202100604,4481.74,235.30,104.00,89.73,4821.04,11/01/2024,9454.46,354.54,60.00,0.00,9869.00,16542.57,11723
0636384042,2022,10/31/2022,202200724,95.61,2.87,104.00,90.22,202.48,07/01/2025,0.00,0.00,0.00,0.00,0.00,325.1,11723
0708300014,2022,10/31/2022,202200728,1110.14,59.72,104.00,90.22,1301.36,07/01/2025,562.91,8.65,30.00,0.00,615.31,2080.73,11723
0813328012,2022,10/31/2022,202200751,2542.60,133.49,104.00,90.22,2780.09,07/01/2025,0.00,0.00,0.00,0.00,0.00,3037.12,11723
0813428003,2022,10/31/2022,202200752,2542.60,133.49,104.00,90.22,2780.09,07/01/2024,0.00,0.00,0.00,0.00,0.00,3037.12,11723
0818300009,2022,10/31/2022,202200765,198.66,10.43,104.00,90.22,313.09,07/01/2024,218.16,8.18,30.00,0.00,256.34,690.41,11723
0823180003,2022,10/31/2022,202200770,914.51,27.44,104.00,90.22,1045.95,07/01/2025,0.00,0.00,0.00,0.00,0.00,1261.68,11723
0935248032,2022,10/31/2022,202200917,9312.20,279.37,104.00,90.22,9695.57,11/02/2023,9670.22,145.05,30.00,0.00,9845.27,20812.49,11723
0936329003,2022,10/31/2022,202200923,2811.94,147.63,104.00,90.22,3063.57,07/01/2024,2914.10,109.28,30.00,0.00,3053.38,6818.67,11723
1013400008,2022,10/31/2022,202200929,9398.46,493.42,104.00,90.22,9995.88,11/01/2024,9696.88,363.64,30.00,0.00,10090.52,21387.48,11723
1103200018,2021,11/1/2021,202100881,258.06,13.55,104.00,89.73,375.61,07/01/2025,555.18,20.83,60.00,0.00,636.01,1215.08,11723
1215430020,2022,10/31/2022,202200997,586.26,17.59,104.00,90.22,707.85,11/01/2024,0.00,0.00,0.00,0.00,0.00,883.01,11723
1227176004,2022,10/31/2022,202201023,1043.24,31.30,104.00,90.22,1178.54,11/01/2024,2166.06,81.23,30.00,0.00,2277.29,3890.03,11723
1232485001,2022,10/31/2022,202201029,5157.32,270.76,104.00,90.22,5532.08,07/01/2025,5312.66,199.22,30.00,0.00,5541.88,11829.21,11723
1317100008,2022,10/31/2022,202201054,27146.90,1425.21,104.00,90.22,28676.11,11/01/2024,26503.46,993.88,30.00,0.00,27527.34,59596.95,11723
1403378002,2022,10/31/2022,202201061,2550.60,133.91,104.00,90.22,2788.51,11/01/2024,0.00,0.00,0.00,0.00,0.00,3324.89,11723
1435331021,2021,11/1/2021,202101070,9982.12,524.58,104.00,89.73,10620.7,11/01/2024,20531.08,770.66,60.00,0.00,21381.74,35919.86,11723
1512103162,2021,11/1/2021,202101132,711.18,21.34,104.00,89.73,836.52,07/01/2025,1870.77,28.06,60.00,0.00,1958.83,3217.28,11723
1512326106,2022,10/31/2022,202201196,1426.50,42.80,104.00,90.22,1573.3,07/01/2024,0.00,0.00,0.00,0.00,0.00,1663.52,11723
1516477058,2022,10/31/2022,202201299,5594.18,293.69,134.00,90.22,6021.87,11/01/2024,0.00,0.00,0.00,0.00,0.00,6112.09,11723
1517401061,2022,10/31/2022,202201317,1257.54,66.02,104.00,90.22,1427.56,11/01/2024,1512.36,56.71,30.00,0.00,1599.07,3308.74,11723
1522380004,2022,10/31/2022,202201418,4369.00,229.38,104.00,90.22,4702.38,07/01/2025,4447.06,166.76,30.00,0.00,4643.82,9993.68,11723
1523302008,2022,10/31/2022,202201466,1789.74,53.69,104.00,90.22,1947.43,07/01/2025,0.00,0.00,0.00,0.00,0.00,2037.65,11723
1523303004,2022,10/31/2022,202201468,1295.19,97.14,104.00,90.22,1496.33,11/01/2024,0.00,0.00,0.00,0.00,0.00,1586.55,11723
1526227001,2022,10/31/2022,202201577,1878.34,98.62,104.00,90.22,2080.96,07/01/2024,1898.78,71.20,30.00,0.00,1999.98,4411.16,11723
1526481012,2022,10/31/2022,202201604,1580.82,82.99,104.00,90.22,1767.81,07/01/2024,1615.76,60.59,30.00,0.00,1706.35,3769.14,11723
1523179021,2020,2/1/2021,202000724,339.34,33.09,104.00,1628.08,476.43,10/31/2024,1071.98,26.51,90.00,0.00,1188.49,3777.56,11723
0311226056,2021,11/1/2021,202100180,3958.48,207.82,104.00,89.73,4270.3,07/01/2025,8159.74,305.99,60.00,0.00,8525.73,14413.95,11723
0311405009,2021,11/1/2021,202100191,2354.93,70.65,104.00,89.73,2529.58,07/01/2025,0.00,0.00,0.00,0.00,0.00,2619.31,11723
0314205023,2021,11/1/2021,202100226,2194.61,65.84,104.00,89.73,2364.45,11/01/2024,0.00,0.00,0.00,0.00,0.00,2454.18,11723
0526102004,2021,11/1/2021,202100354,8239.24,432.56,104.00,89.73,8775.8,07/01/2025,16960.36,636.02,60.00,0.00,17656.38,29674.08,11723
0911201005,2021,11/1/2021,202100809,924.64,27.74,104.00,89.73,1056.38,07/01/2025,4291.84,160.95,60.00,0.00,4512.79,6462.27,11723
1516427006,2021,11/1/2021,202101240,987.65,29.63,104.00,89.73,1121.28,07/01/2025,5554.18,208.29,60.00,0.00,5822.47,8082.82,11723
1517355012,2021,11/1/2021,202101264,3411.84,179.12,104.00,89.73,3694.96,07/01/2025,7440.36,279.01,60.00,0.00,7779.37,12952.71,11723
1517402136,2021,11/1/2021,202101274,674.70,35.42,104.00,89.73,814.12,09/20/2023,2000.06,75.00,60.00,0.00,2135.06,3396.56,11723
0713400002,2020,2/1/2021,202000357,44.92,4.66,104.00,1776.26,156.48,05/15/2024,103.30,4.94,70.00,0.00,184.04,2159.08,11723
0205277001,2021,11/1/2021,202100047,9889.30,519.19,104.00,89.73,10512.49,05/15/2024,20236.60,758.87,60.00,0.00,21055.47,35431.98,11723
0205277002,2021,11/1/2021,202100048,10896.48,572.07,104.00,89.73,11572.55,05/15/2024,22297.60,836.16,60.00,0.00,23193.76,39013.62,11723
0229404016,2021,11/1/2021,202100111,3976.26,273.87,104.00,89.73,5594.43,05/15/2024,4047.52,199.07,30.00,0.00,5537.59,12550.77,11723
0301400017,2021,11/1/2021,202100136,9149.30,274.48,104.00,89.73,9527.78,05/15/2024,0.00,0.00,0.00,0.00,0.00,9617.51,11723
0331401010,2021,11/1/2021,202100293,8785.56,263.57,104.00,89.73,9153.13,05/15/2024,17893.03,268.40,60.00,0.00,18221.43,30737.83,11723
0818300002,2021,11/1/2021,202100747,7011.65,210.35,104.00,89.73,7326.0,05/15/2024,14493.36,543.50,30.00,0.00,15066.86,24290.61,11723
0935249032,2021,11/1/2021,202100868,1692.93,50.79,104.00,89.73,1847.72,05/15/2024,3419.06,128.21,30.00,0.00,3577.27,6373.26,11723
1517402039,2021,11/1/2021,202101271,1210.28,63.54,104.00,89.73,1377.82,01/16/2024,3057.72,114.66,60.00,0.00,3232.38,5254.96,11723
1520103005,2021,11/1/2021,202101289,4033.16,211.74,104.00,89.73,4348.9,05/01/2024,4315.86,161.85,30.00,0.00,4507.71,9487.27,11723
1526429014,2021,11/1/2021,202101496,2359.20,123.86,104.00,89.73,2587.06,05/01/2024,5013.86,188.01,60.00,0.00,5261.87,8883.33,11723
0206204005,2022,10/31/2022,202200054,10145.78,532.66,104.00,90.22,10782.44,05/01/2024,10401.76,390.06,30.00,0.00,10821.82,22993.1,11723
0207354040,2022,10/31/2022,202200060,2385.88,87.65,104.00,90.22,3113.17,05/01/2024,0.00,0.00,0.00,0.00,0.00,3203.39,11723
0311382015,2022,10/31/2022,202200189,3954.30,207.60,104.00,90.22,4265.9,05/01/2024,4115.20,154.32,30.00,0.00,4299.52,9171.58,11723
0322289004,2022,10/31/2022,202200262,1831.80,54.95,104.00,90.22,1990.75,05/01/2024,0.00,0.00,0.00,0.00,0.00,2080.97,11723
0332400040,2022,10/31/2022,202200326,1426.16,42.78,104.00,90.22,1572.94,05/01/2024,3006.18,112.74,30.00,0.00,3148.92,5189.95,11723
0614153006,2022,10/31/2022,202200535,4626.26,242.87,104.00,90.22,4973.13,05/01/2024,4845.42,181.70,30.00,0.00,5057.12,10727.32,11723
0619182003,2022,10/31/2022,202200594,6281.34,471.10,104.00,90.22,6856.44,05/01/2024,0.00,0.00,0.00,0.00,0.00,6946.66,11723
0623176007,2022,10/31/2022,202200623,4007.64,210.40,104.00,90.22,4322.04,05/01/2024,4202.38,157.59,30.00,0.00,4389.97,9329.03,11723
0628376007,2022,10/31/2022,202200680,8999.96,472.50,104.00,90.22,9576.46,05/21/2025,9392.22,352.21,30.00,0.00,9774.43,20614.04,11723
0635456031,2022,10/31/2022,202200723,5923.16,310.97,104.00,90.22,6338.13,05/21/2025,6260.20,234.76,30.00,0.00,6524.96,13736.31,11723
0815353009,2022,10/31/2022,202200754,5200.73,156.02,104.00,90.22,5460.75,05/21/2025,10884.96,408.19,30.00,0.00,11323.15,18232.9,11723
0816226015,2022,10/31/2022,202200758,8793.28,461.65,104.00,90.22,9358.93,05/21/2025,9107.34,341.53,30.00,0.00,9478.87,20065.48,11723
0934304005,2022,10/31/2022,202200912,10209.78,536.02,104.00,90.22,10849.8,05/21/2025,5313.90,79.71,30.00,0.00,5423.61,17014.46,11723
1215401019,2022,10/31/2022,202200995,2451.38,128.70,104.00,90.22,2684.08,05/21/2025,2544.88,95.44,30.00,0.00,2670.32,5765.06,11723
1226105006,2022,10/31/2022,202201018,12527.32,657.68,104.00,90.22,13289.0,05/21/2025,13039.46,488.98,30.00,0.00,13558.44,28564.67,11723
1507436007,2022,10/31/2022,202201156,4463.66,234.34,104.00,90.22,4802.0,05/21/2025,0.00,0.00,0.00,0.00,0.00,4892.22,11723
1517402026,2022,10/31/2022,202201320,1313.62,68.96,104.00,90.22,1486.58,05/21/2025,1744.10,65.40,30.00,0.00,1839.50,3637.04,11723
1518104011,2022,10/31/2022,202201328,6907.08,362.63,104.00,90.22,7373.71,05/21/2025,8233.80,308.76,30.00,0.00,8572.56,17065.2,11723
1519201027,2022,10/31/2022,202201340,5052.40,151.57,104.00,90.22,5307.97,05/21/2025,4895.12,73.43,30.00,0.00,4998.55,11845.85,11723
1521204003,2022,10/31/2022,202201373,3868.88,203.11,104.00,90.22,4175.99,05/21/2025,4065.52,152.46,30.00,0.00,4247.98,9023.95,11723
1522426050,2022,10/31/2022,202201425,4703.64,246.94,104.00,90.22,5054.58,05/21/2025,4754.80,178.30,30.00,0.00,4963.10,10703.47,11723
1524451044,2022,10/31/2022,202201541,16.79,0.50,104.00,90.22,121.29,05/21/2025,0.00,0.00,0.00,0.00,0.00,211.51,11723
1525321105,2022,10/31/2022,202201548,4274.64,224.42,104.00,90.22,4603.06,05/21/2025,4354.92,163.31,30.00,0.00,4548.23,9787.3,11723
1526327007,2022,10/31/2022,202201586,2980.30,156.46,104.00,90.22,3240.76,05/21/2025,3454.50,129.55,30.00,0.00,3614.05,7378.72,11723
1528101002,2022,10/31/2022,202201669,3331.84,174.92,104.00,90.22,3610.76,05/21/2025,3473.32,130.25,30.00,0.00,3633.57,7770.58,11723
1529228019,2022,10/31/2022,202201705,1694.20,88.94,104.00,90.22,1887.14,05/21/2025,1708.96,64.09,30.00,0.00,1803.05,3996.78,11723
0527376002,2021,11/1/2021,202100361,10174.34,534.16,104.00,11472.46,10812.5,05/21/2025,0.00,0.00,0.00,0.00,0.00,22284.96,11723
0308326017,2022,10/31/2022,202200169,8741.34,458.92,104.00,90.50,9304.26,05/21/2025,8929.90,334.87,30.00,0.00,9294.77,19804.9,11723
0324301020,2022,10/31/2022,202200301,5164.20,271.12,104.00,90.50,5539.32,05/21/2025,5354.56,200.80,30.00,0.00,5585.36,11885.42,11723
0326107001,2022,10/31/2022,202200306,12551.88,658.98,104.00,90.50,13314.86,05/21/2025,13014.46,488.04,30.00,0.00,13532.50,28561.76,11723
0613309007,2022,10/31/2022,202200513,17636.34,925.91,104.00,90.50,18666.25,05/21/2025,0.00,0.00,0.00,0.00,0.00,18756.75,11723
0614133004,2022,10/31/2022,202200534,4906.86,257.61,104.00,90.50,5268.47,05/21/2025,5100.96,191.29,60.00,0.00,5352.25,11353.49,11723
0615206006,2022,10/31/2022,202200566,8694.74,456.47,104.00,90.50,9255.21,05/21/2025,9038.70,338.95,30.00,0.00,9407.65,19882.28,11723
0633375082,2022,10/31/2022,202200696,5045.50,264.89,104.00,90.50,5414.39,05/21/2025,5281.32,198.05,30.00,0.00,5509.37,11675.38,11723
0823430004,2022,10/31/2022,202200774,9634.02,505.79,104.00,90.50,10243.81,05/01/2024,10888.66,408.32,30.00,0.00,11326.98,23020.53,11723
0928301012,2022,10/31/2022,202200891,5466.74,164.00,104.00,90.50,5734.74,05/07/2025,0.00,0.00,0.00,0.00,0.00,5825.24,11723
0302200023,2022,10/31/2022,202200122,6924.66,363.54,104.00,90.22,7392.2,05/07/2025,0.00,0.00,0.00,0.00,0.00,8369.48,11723
0309378009,2022,10/31/2022,202200173,2329.16,122.28,104.00,90.22,2555.44,05/07/2025,0.00,0.00,0.00,0.00,0.00,2952.31,11723
0323360008,2022,10/31/2022,202200286,1850.04,97.13,104.00,90.22,2051.17,05/07/2025,0.00,0.00,0.00,0.00,0.00,2387.53,11723
0514451006,2022,10/31/2022,202200365,2650.02,139.13,104.00,90.22,2893.15,05/07/2025,0.00,0.00,0.00,0.00,0.00,3330.55,11723
0906353016,2022,10/31/2022,202200804,3266.40,171.49,104.00,90.22,3541.89,05/07/2025,0.00,0.00,0.00,0.00,0.00,4057.14,11723
1222161023,2022,10/31/2022,202201009,1464.98,76.91,104.00,90.22,1645.89,05/07/2025,0.00,0.00,0.00,0.00,0.00,1933.62,11723
0116200011,2022,10/31/2022,202200017,117.12,6.15,104.00,90.22,227.27,05/07/2025,0.00,0.00,0.00,0.00,0.00,317.49,11723
0910403005,2021,11/1/2021,202100798,5620.70,295.09,104.00,89.73,6019.79,05/07/2025,11679.28,437.97,60.00,0.00,12177.25,20456.72,11723
0927431007,2021,11/1/2021,202100838,3724.86,111.75,104.00,89.73,3940.61,10/31/2024,7522.70,282.10,30.00,0.00,7834.80,13745.49,11723
1514351037,2022,10/31/2022,202201230,178.02,9.35,104.00,90.22,291.37,10/31/2024,179.92,6.75,30.00,0.00,216.67,635.91,11723
1520478007,2021,11/1/2021,202101302,6018.38,315.97,104.00,89.73,6438.35,10/31/2024,6514.57,97.72,60.00,0.00,6672.29,14392.31,11723
1522229001,2022,10/31/2022,202201404,425.20,22.33,104.00,90.22,551.53,10/31/2024,0.00,0.00,0.00,0.00,0.00,652.78,11723
1523453056,2021,11/1/2021,202101412,2717.38,142.66,104.00,89.73,2964.04,10/31/2024,5710.76,214.16,60.00,0.00,5984.92,10114.05,11723
1527134027,2022,10/31/2022,202201612,260.76,13.69,104.00,90.22,378.45,10/31/2024,263.64,9.89,30.00,0.00,303.53,808.62,11723
1528229020,2021,11/1/2021,202101555,3129.30,164.29,104.00,89.73,3397.59,05/01/2025,6576.24,246.61,60.00,0.00,6882.85,11606.87,11723
0610103011,2020,2/1/2021,202000197,7615.02,742.46,104.00,1639.18,8461.48,05/01/2024,24121.48,487.07,90.00,0.00,24698.55,39643.82,11723
0206376027,2022,10/31/2022,202200055,2457.03,73.71,104.00,90.50,2634.74,05/01/2024,2519.01,37.79,30.00,0.00,2586.80,5622.46,11723
0302452097,2022,10/31/2022,202200127,1933.35,58.00,104.00,90.50,2095.35,05/01/2025,0.00,0.00,0.00,0.00,0.00,2185.85,11723
0311381007,2022,10/31/2022,202200188,4572.40,240.06,104.00,90.50,4916.46,05/01/2024,4699.76,176.24,30.00,0.00,4906.00,10501.68,11723
0323205004,2022,10/31/2022,202200282,9570.48,502.45,104.00,90.50,10176.93,05/01/2025,9978.98,374.21,30.00,0.00,10383.19,21896.6,11723
0524431005,2021,11/1/2021,202100346,5393.24,161.80,104.00,89.73,5659.04,05/01/2024,21995.34,824.82,60.00,0.00,22880.16,31374.55,11723
0612210014,2022,10/31/2022,202200464,5094.38,267.46,104.00,90.50,5465.84,05/01/2025,5295.90,198.60,30.00,0.00,5524.50,11743.78,11723
0613132017,2022,10/31/2022,202200498,4775.70,250.73,104.00,90.50,5130.43,05/01/2024,2500.41,37.51,30.00,0.00,2567.92,8097.0,11723
0614410006,2022,10/31/2022,202200555,4800.32,252.01,104.00,90.50,5156.33,01/09/2024,5026.48,188.49,30.00,0.00,5244.97,11121.2,11723
0618457011,2022,10/31/2022,202200593,4367.56,131.03,104.00,90.50,4602.59,09/30/2025,9072.18,340.21,30.00,0.00,9442.39,15268.57,11723
0624129012,2021,11/1/2021,202100615,1537.83,46.13,104.00,89.73,1687.96,09/30/2025,1637.80,24.57,30.00,0.00,1692.37,3673.14,11723
0624179013,2022,10/31/2022,202200636,3553.08,186.54,104.00,90.50,3843.62,09/30/2025,3693.64,138.51,30.00,0.00,3862.15,8259.73,11723
0934253026,2022,10/31/2022,202200911,16794.82,881.73,104.00,90.50,17780.55,09/30/2025,17443.20,654.12,30.00,0.00,18127.32,38173.65,11723
1208200060,2021,11/1/2021,202100944,5669.15,170.07,104.00,89.73,5943.22,05/15/2024,11622.12,174.33,60.00,0.00,11856.45,19312.18,11723
1317100007,2022,10/31/2022,202201053,9915.72,520.58,104.00,90.50,10540.3,09/30/2025,0.00,0.00,0.00,0.00,0.00,10630.8,11723
1327100002,2022,10/31/2022,202201058,4455.10,233.90,104.00,90.50,4793.0,09/30/2025,4401.08,165.04,30.00,0.00,4596.12,10031.15,11723
1501351043,2022,10/31/2022,202201134,1325.02,39.75,104.00,90.50,1468.77,09/30/2025,0.00,0.00,0.00,0.00,0.00,1559.27,11723
1516426004,2021,11/1/2021,202101238,3529.88,185.32,104.00,89.73,3819.2,09/30/2025,7821.22,293.30,60.00,0.00,8174.52,13064.39,11723
1523176019,2022,10/31/2022,202201448,826.59,24.80,104.00,90.50,955.39,05/15/2024,0.00,0.00,0.00,0.00,0.00,1045.89,11723
1534127007,2021,11/1/2021,202101605,3236.92,169.93,104.00,89.73,3510.85,09/30/2025,6802.44,255.09,60.00,0.00,7117.53,11572.21,11723
0915353005,2021,11/1/2021,202100819,2667.46,140.04,104.00,89.73,2911.5,09/30/2025,2683.60,100.64,30.00,0.00,2814.24,6490.89,11723
0314129022,2020,2/1/2021,202000101,2493.62,243.13,104.00,89.36,2840.75,05/15/2024,0.00,0.00,0.00,0.00,0.00,5998.12,11723
0317200024,2020,2/1/2021,202000114,7340.78,715.73,104.00,89.36,8160.51,09/30/2025,0.00,0.00,0.00,0.00,0.00,16573.59,11723
0612255009,2020,2/1/2021,202000221,6371.16,621.19,104.00,89.36,7096.35,09/30/2025,0.00,0.00,0.00,0.00,0.00,7611.49,11723
1501101006,2021,11/1/2021,202101074,27.18,1.43,104.00,89.73,132.61,09/30/2025,0.00,0.00 0.00,,0.00,0.00,222.34,11723
0624257019,2020,2/1/2021,202000315,3485.86,339.87,104.00,2563.97,3929.73,05/15/2024,2188.26,82.06 30.00,,0.00,2300.32,9622.14,11723
0918252001,2020,2/1/2021,202000418,12369.36,1206.01,104.00,2497.30,13679.37,09/30/2025,38644.94,1047.21 90.00,,0.00,39782.15,65453.39,11723
1410152026,2020,2/1/2021,202000534,15228.14,1484.75,104.00,2092.14,16816.89,05/15/2024,47369.10,1289.07 90.00,,0.00,48748.17,79317.26,11723
1534258022,2020,2/1/2021,202000866,2235.98,218.01,104.00,89.36,2557.99,05/08/2024,0.00,0.00 0.00,,0.00,0.00,2647.35,11723
0935302015,2020,2/1/2021,202000452,104.00,46.13,104.00,1900.28,3322.12,01/02/2024,18702.68,604.88 90.00,,0.00,19397.56,28473.98,11723
